DIA,MES,ANNO,HR,TEMP
9,11,2018,97.33,32.05
9,11,2018,96.75,32.05
9,11,2018,96.2,32.05
9,11,2018,91.17,32.05
9,11,2018,89.14,32.05
9,11,2018,87.88,32.05
9,11,2018,86.78,31.99
9,11,2018,85.8,31.99
9,11,2018,85.27,31.99
9,11,2018,84.42,31.99
9,11,2018,83.69,31.99
9,11,2018,83.07,31.99
9,11,2018,82.4,31.99
9,11,2018,81.69,31.99
9,11,2018,81,31.95
9,11,2018,80.39,31.95
9,11,2018,79.95,31.95
9,11,2018,79.55,31.95
9,11,2018,79.19,31.99
9,11,2018,78.86,31.99
9,11,2018,78.57,31.99
9,11,2018,78.38,31.99
9,11,2018,78.24,32
9,11,2018,78.31,32
9,11,2018,78.3,32
9,11,2018,78.29,32
9,11,2018,78.24,31.97
9,11,2018,78,31.97
9,11,2018,77.77,31.97
9,11,2018,77.53,31.97
9,11,2018,77.27,31.95
9,11,2018,77.09,31.95
9,11,2018,76.89,31.95
9,11,2018,76.67,31.95
9,11,2018,76.43,31.93
9,11,2018,76.18,31.93
9,11,2018,75.92,31.93
9,11,2018,75.62,31.93
9,11,2018,75.46,31.89
9,11,2018,75.26,31.89
9,11,2018,75.19,31.89
9,11,2018,75.05,31.89
9,11,2018,74.87,31.91
9,11,2018,74.87,31.91
9,11,2018,74.85,31.91
9,11,2018,74.81,31.91
9,11,2018,74.78,31.89
9,11,2018,74.8,31.89
9,11,2018,74.8,31.89
9,11,2018,74.81,31.89
9,11,2018,74.79,31.89
9,11,2018,74.72,31.89
9,11,2018,74.64,31.89
9,11,2018,74.55,31.89
9,11,2018,74.58,31.89
9,11,2018,74.59,31.89
9,11,2018,74.59,31.89
9,11,2018,74.6,31.89
9,11,2018,74.58,31.91
9,11,2018,74.05,31.91
9,11,2018,73.55,31.91
9,11,2018,73.22,31.91
9,11,2018,72.92,31.89
9,11,2018,73.07,31.89
9,11,2018,73.03,31.89
9,11,2018,72.98,31.89
9,11,2018,72.95,31.89
9,11,2018,72.93,31.89
9,11,2018,72.95,31.89
9,11,2018,73.07,31.89
9,11,2018,73.15,31.89
9,11,2018,73.22,31.89
9,11,2018,73.35,31.89
9,11,2018,73.48,31.89
9,11,2018,73.62,31.89
9,11,2018,73.77,31.89
9,11,2018,73.9,31.89
9,11,2018,74.07,31.89
9,11,2018,74.22,31.87
9,11,2018,74.37,31.87
9,11,2018,74.48,31.87
9,11,2018,74.47,31.87
9,11,2018,74.47,31.87
9,11,2018,74.37,31.87
9,11,2018,74.3,31.87
9,11,2018,74.23,31.87
9,11,2018,74.18,31.87
9,11,2018,74.25,31.87
9,11,2018,74.3,31.87
9,11,2018,74.37,31.87
9,11,2018,74.47,31.85
9,11,2018,74.52,31.85
9,11,2018,74.6,31.85
9,11,2018,74.68,31.85
9,11,2018,74.95,31.85
9,11,2018,75.23,31.85
9,11,2018,75.53,31.85
9,11,2018,75.87,31.85
9,11,2018,76.12,31.85
9,11,2018,76.38,31.85
9,11,2018,76.58,31.85
9,11,2018,76.83,31.85
9,11,2018,77.12,31.87
9,11,2018,77.33,31.87
9,11,2018,77.48,31.87
9,11,2018,77.65,31.87
9,11,2018,77.85,31.85
9,11,2018,77.93,31.85
9,11,2018,78,31.85
9,11,2018,78.15,31.85
9,11,2018,78.32,31.87
9,11,2018,78.53,31.87
9,11,2018,78.77,31.87
9,11,2018,79,31.87
9,11,2018,78.98,31.85
9,11,2018,78.98,31.85
9,11,2018,78.88,31.85
9,11,2018,78.82,31.85
9,11,2018,78.72,31.83
9,11,2018,78.52,31.83
9,11,2018,78.42,31.83
9,11,2018,78.8,31.83
9,11,2018,79.17,31.83
9,11,2018,79.55,31.83
9,11,2018,79.92,31.83
9,11,2018,80.27,31.83
9,11,2018,80.57,31.83
9,11,2018,80.85,31.83
9,11,2018,81.13,31.83
9,11,2018,81.4,31.83
9,11,2018,81.95,31.83
9,11,2018,82.47,31.83
9,11,2018,83.03,31.83
9,11,2018,83.63,31.83
9,11,2018,84.28,31.83
9,11,2018,84.9,31.83
9,11,2018,85.48,31.83
9,11,2018,86.08,31.83
9,11,2018,86.75,31.83
9,11,2018,87.38,31.83
9,11,2018,88.03,31.83
9,11,2018,88.8,31.83
9,11,2018,89.7,31.77
9,11,2018,90.6,31.77
9,11,2018,91.5,31.77
9,11,2018,92.38,31.77
9,11,2018,93.22,31.77
9,11,2018,94.07,31.77
9,11,2018,94.92,31.77
9,11,2018,95.75,31.77
9,11,2018,96.57,31.79
9,11,2018,97.37,31.79
9,11,2018,98.17,31.79
9,11,2018,98.95,31.79
9,11,2018,99.57,31.75
9,11,2018,100.17,31.75
9,11,2018,100.77,31.75
9,11,2018,101.4,31.75
9,11,2018,101.7,31.75
9,11,2018,101.82,31.75
9,11,2018,101.3,31.75
9,11,2018,100.82,31.75
9,11,2018,100.28,31.77
9,11,2018,99.65,31.77
9,11,2018,99.1,31.77
9,11,2018,98.52,31.77
9,11,2018,97.95,31.75
9,11,2018,97.4,31.75
9,11,2018,96.92,31.75
9,11,2018,96.38,31.75
9,11,2018,95.8,31.79
9,11,2018,95.25,31.79
9,11,2018,94.67,31.79
9,11,2018,94.28,31.79
9,11,2018,94.07,31.73
9,11,2018,93.85,31.73
9,11,2018,93.8,31.73
9,11,2018,93.65,31.73
9,11,2018,93.58,31.77
9,11,2018,93.77,31.77
9,11,2018,93.87,31.77
9,11,2018,93.47,31.77
9,11,2018,93.05,31.83
9,11,2018,92.67,31.83
9,11,2018,92.32,31.83
9,11,2018,91.98,31.83
9,11,2018,91.72,31.87
9,11,2018,91.48,31.87
9,11,2018,91.18,31.87
9,11,2018,90.88,31.87
9,11,2018,90.33,31.83
9,11,2018,89.8,31.83
9,11,2018,89.02,31.83
9,11,2018,88.22,31.83
9,11,2018,87.37,31.83
9,11,2018,86.55,31.83
9,11,2018,85.75,31.83
9,11,2018,84.92,31.83
9,11,2018,84.03,31.81
9,11,2018,83.17,31.81
9,11,2018,82.33,31.81
9,11,2018,81.47,31.81
9,11,2018,80.5,31.79
9,11,2018,79.6,31.79
9,11,2018,78.7,31.79
9,11,2018,77.83,31.79
9,11,2018,77.02,31.75
9,11,2018,76.18,31.75
9,11,2018,75.38,31.75
9,11,2018,74.63,31.75
9,11,2018,74,31.77
9,11,2018,73.35,31.77
9,11,2018,72.68,31.77
9,11,2018,72.03,31.77
9,11,2018,71.37,31.75
9,11,2018,70.72,31.75
9,11,2018,70.07,31.75
9,11,2018,69.37,31.75
9,11,2018,69,31.77
9,11,2018,68.78,31.77
9,11,2018,69.18,31.77
9,11,2018,69.5,31.77
9,11,2018,69.87,31.77
9,11,2018,70.25,31.77
9,11,2018,70.63,31.77
9,11,2018,71.05,31.77
9,11,2018,71.43,31.77
9,11,2018,71.77,31.77
9,11,2018,72.07,31.77
9,11,2018,72.33,31.77
9,11,2018,72.68,31.77
9,11,2018,73.18,31.77
9,11,2018,73.77,31.77
9,11,2018,74.2,31.77
9,11,2018,74.62,31.75
9,11,2018,75.03,31.75
9,11,2018,75.4,31.75
9,11,2018,75.87,31.75
9,11,2018,76.33,31.77
9,11,2018,76.72,31.77
9,11,2018,77.08,31.77
9,11,2018,77.43,31.77
9,11,2018,77.88,31.77
9,11,2018,78.3,31.77
9,11,2018,78.7,31.77
9,11,2018,79.07,31.77
9,11,2018,79.4,31.77
9,11,2018,79.72,31.77
9,11,2018,80,31.77
9,11,2018,80.22,31.77
9,11,2018,80.45,31.79
9,11,2018,80.72,31.79
9,11,2018,81.13,31.79
9,11,2018,81.55,31.79
9,11,2018,81.98,31.81
9,11,2018,82.38,31.81
9,11,2018,82.78,31.81
9,11,2018,83.17,31.81
9,11,2018,83.57,31.79
9,11,2018,84,31.79
9,11,2018,84.45,31.79
9,11,2018,84.93,31.79
9,11,2018,85.35,31.75
9,11,2018,85.73,31.75
9,11,2018,86.1,31.75
9,11,2018,86.45,31.75
9,11,2018,86.78,31.79
9,11,2018,87.08,31.79
9,11,2018,87.37,31.79
9,11,2018,87.62,31.79
9,11,2018,87.75,31.81
9,11,2018,87.95,31.81
9,11,2018,88.18,31.81
9,11,2018,88.45,31.81
9,11,2018,88.75,31.79
9,11,2018,89.07,31.79
9,11,2018,89.37,31.79
9,11,2018,89.73,31.79
9,11,2018,90.12,31.79
9,11,2018,90.53,31.79
9,11,2018,90.93,31.79
9,11,2018,91.37,31.79
9,11,2018,91.78,31.81
9,11,2018,92.22,31.81
9,11,2018,92.52,31.81
9,11,2018,92.83,31.81
9,11,2018,93.15,31.79
9,11,2018,93.53,31.79
9,11,2018,93.93,31.79
9,11,2018,94.35,31.79
9,11,2018,94.72,31.81
9,11,2018,94.9,31.81
9,11,2018,95.07,31.81
9,11,2018,95.2,31.81
9,11,2018,95.35,31.79
9,11,2018,95.52,31.79
9,11,2018,95.67,31.79
9,11,2018,95.77,31.79
9,11,2018,95.78,31.79
9,11,2018,95.77,31.79
9,11,2018,95.7,31.79
9,11,2018,95.65,31.79
9,11,2018,95.5,31.81
9,11,2018,95.33,31.81
9,11,2018,95.17,31.81
9,11,2018,95.02,31.81
9,11,2018,94.9,31.81
9,11,2018,94.8,31.81
9,11,2018,94.72,31.81
9,11,2018,94.7,31.81
9,11,2018,94.68,31.79
9,11,2018,94.68,31.79
9,11,2018,94.72,31.79
9,11,2018,94.77,31.79
9,11,2018,94.82,31.79
9,11,2018,94.88,31.79
9,11,2018,94.93,31.79
9,11,2018,94.97,31.79
9,11,2018,94.97,31.81
9,11,2018,94.93,31.81
9,11,2018,94.87,31.81
9,11,2018,94.78,31.81
9,11,2018,94.7,31.81
9,11,2018,94.62,31.81
9,11,2018,94.57,31.81
9,11,2018,94.53,31.81
9,11,2018,94.52,31.81
9,11,2018,94.53,31.81
9,11,2018,94.57,31.81
9,11,2018,94.58,31.81
9,11,2018,94.6,31.81
9,11,2018,94.6,31.81
9,11,2018,94.53,31.81
9,11,2018,94.45,31.81
9,11,2018,94.33,31.83
9,11,2018,94.18,31.83
9,11,2018,94.07,31.83
9,11,2018,93.83,31.83
9,11,2018,93.57,31.81
9,11,2018,93.32,31.81
9,11,2018,92.83,31.81
9,11,2018,92.48,31.81
9,11,2018,92.2,31.81
9,11,2018,92.03,31.81
9,11,2018,92.05,31.81
9,11,2018,92.08,31.81
9,11,2018,92.12,31.81
9,11,2018,92.2,31.81
9,11,2018,92.25,31.81
9,11,2018,92.25,31.81
9,11,2018,92.32,31.81
9,11,2018,92.35,31.81
9,11,2018,92.32,31.81
9,11,2018,92.28,31.81
9,11,2018,92.22,31.83
9,11,2018,92.08,31.83
9,11,2018,91.93,31.83
9,11,2018,91.83,31.83
9,11,2018,91.73,31.83
9,11,2018,91.67,31.83
9,11,2018,91.68,31.83
9,11,2018,91.73,31.83
9,11,2018,91.77,31.85
9,11,2018,91.95,31.85
9,11,2018,92.13,31.85
9,11,2018,92.32,31.85
9,11,2018,92.48,31.85
9,11,2018,92.63,31.85
9,11,2018,92.78,31.85
9,11,2018,92.93,31.85
9,11,2018,93.07,31.83
9,11,2018,93.17,31.83
9,11,2018,93.23,31.83
9,11,2018,93.28,31.83
9,11,2018,93.33,31.85
9,11,2018,93.38,31.85
9,11,2018,93.45,31.85
9,11,2018,93.53,31.85
9,11,2018,93.63,31.85
9,11,2018,93.75,31.85
9,11,2018,93.87,31.85
9,11,2018,93.97,31.85
9,11,2018,94.05,31.85
9,11,2018,94.08,31.85
9,11,2018,94.1,31.85
9,11,2018,94.1,31.85
9,11,2018,94.1,31.85
9,11,2018,94.08,31.85
9,11,2018,94.05,31.85
9,11,2018,94.03,31.85
9,11,2018,94.02,31.87
9,11,2018,94,31.87
9,11,2018,94,31.87
9,11,2018,94,31.87
9,11,2018,94.02,31.87
9,11,2018,94.05,31.87
9,11,2018,94.08,31.87
9,11,2018,94.2,31.87
9,11,2018,94.35,31.87
9,11,2018,94.5,31.87
9,11,2018,94.9,31.87
9,11,2018,95.22,31.87
9,11,2018,95.5,31.89
9,11,2018,95.68,31.89
9,11,2018,95.82,31.89
9,11,2018,95.92,31.89
9,11,2018,96,31.89
9,11,2018,96.08,31.89
9,11,2018,96.2,31.89
9,11,2018,96.3,31.89
9,11,2018,96.37,31.87
9,11,2018,96.48,31.87
9,11,2018,96.63,31.87
9,11,2018,96.8,31.87
9,11,2018,96.97,31.89
9,11,2018,97.15,31.89
9,11,2018,97.32,31.89
9,11,2018,97.43,31.89
9,11,2018,97.53,31.91
9,11,2018,97.48,31.91
9,11,2018,97.43,31.91
9,11,2018,97.37,31.91
9,11,2018,97.33,31.91
9,11,2018,97.18,31.91
9,11,2018,97.03,31.91
9,11,2018,96.88,31.91
9,11,2018,96.77,31.91
9,11,2018,96.65,31.91
9,11,2018,96.53,31.91
9,11,2018,96.42,31.91
9,11,2018,96.23,31.91
9,11,2018,95.98,31.91
9,11,2018,95.73,31.91
9,11,2018,95.48,31.91
9,11,2018,95.23,31.91
9,11,2018,94.97,31.91
9,11,2018,94.68,31.91
9,11,2018,94.4,31.91
9,11,2018,94.08,31.93
9,11,2018,93.78,31.93
9,11,2018,93.65,31.93
9,11,2018,93.53,31.93
9,11,2018,93.45,31.91
9,11,2018,93.53,31.91
9,11,2018,93.62,31.91
9,11,2018,93.7,31.91
9,11,2018,93.78,31.95
9,11,2018,93.87,31.95
9,11,2018,93.95,31.95
9,11,2018,94.03,31.95
9,11,2018,94.13,31.95
9,11,2018,94.25,31.95
9,11,2018,94.4,31.95
9,11,2018,94.57,31.95
9,11,2018,94.75,31.93
9,11,2018,94.95,31.93
9,11,2018,95.13,31.93
9,11,2018,95.3,31.93
9,11,2018,95.47,31.95
9,11,2018,95.62,31.95
9,11,2018,95.8,31.95
9,11,2018,95.98,31.95
9,11,2018,96.12,31.97
9,11,2018,96.2,31.97
9,11,2018,96.25,31.97
9,11,2018,96.28,31.97
9,11,2018,96.32,31.95
9,11,2018,96.3,31.95
9,11,2018,96.32,31.95
9,11,2018,96.45,31.95
9,11,2018,96.63,31.97
9,11,2018,96.77,31.97
9,11,2018,96.83,31.97
9,11,2018,96.87,31.97
9,11,2018,96.98,31.95
9,11,2018,97.08,31.95
9,11,2018,97.27,31.95
9,11,2018,97.42,31.95
9,11,2018,97.55,31.95
9,11,2018,97.8,31.95
9,11,2018,98,31.95
9,11,2018,98.1,31.95
9,11,2018,98.22,31.97
9,11,2018,98.32,31.97
9,11,2018,98.32,31.97
9,11,2018,98.35,31.97
9,11,2018,98.38,31.95
9,11,2018,98.42,31.95
9,11,2018,98.47,31.95
9,11,2018,98.53,31.95
9,11,2018,98.68,31.95
9,11,2018,98.93,31.95
9,11,2018,99.22,31.95
9,11,2018,99.5,31.95
9,11,2018,99.77,31.95
9,11,2018,100.02,31.95
9,11,2018,100.35,31.95
9,11,2018,100.67,31.95
9,11,2018,100.98,31.93
9,11,2018,101.27,31.93
9,11,2018,101.37,31.93
9,11,2018,101.33,31.93
9,11,2018,101.32,31.95
9,11,2018,101.17,31.95
9,11,2018,101.02,31.95
9,11,2018,100.92,31.95
9,11,2018,100.85,31.93
9,11,2018,100.8,31.93
9,11,2018,100.77,31.93
9,11,2018,100.75,31.93
9,11,2018,100.73,31.93
9,11,2018,100.7,31.93
9,11,2018,100.65,31.93
9,11,2018,100.58,31.93
9,11,2018,100.5,31.93
9,11,2018,100.4,31.93
9,11,2018,100.3,31.93
9,11,2018,100.22,31.93
9,11,2018,100.12,31.95
9,11,2018,100.03,31.95
9,11,2018,99.92,31.95
9,11,2018,99.78,31.95
9,11,2018,99.68,31.95
9,11,2018,99.63,31.95
9,11,2018,99.62,31.95
9,11,2018,99.62,31.95
9,11,2018,99.62,31.93
9,11,2018,99.65,31.93
9,11,2018,99.62,31.93
9,11,2018,99.52,31.93
9,11,2018,99.35,31.93
9,11,2018,99.22,31.93
9,11,2018,99.15,31.93
9,11,2018,99.08,31.93
9,11,2018,98.95,31.95
9,11,2018,98.88,31.95
9,11,2018,98.77,31.95
9,11,2018,98.68,31.95
9,11,2018,98.62,31.95
9,11,2018,98.55,31.95
9,11,2018,98.52,31.95
9,11,2018,98.58,31.95
9,11,2018,98.63,31.93
9,11,2018,98.67,31.93
9,11,2018,98.8,31.93
9,11,2018,98.9,31.93
9,11,2018,98.97,31.93
9,11,2018,99.03,31.93
9,11,2018,99.1,31.93
9,11,2018,99.17,31.93
9,11,2018,99.22,31.91
9,11,2018,99.25,31.91
9,11,2018,99.27,31.91
9,11,2018,99.3,31.91
9,11,2018,99.33,31.93
9,11,2018,99.37,31.93
9,11,2018,99.32,31.93
9,11,2018,99.28,31.93
9,11,2018,99.27,31.91
9,11,2018,99.27,31.91
9,11,2018,99.3,31.91
9,11,2018,99.47,31.91
9,11,2018,99.62,31.93
9,11,2018,99.78,31.93
9,11,2018,99.93,31.93
9,11,2018,100.03,31.93
9,11,2018,100.08,31.93
9,11,2018,100.1,31.93
9,11,2018,100.08,31.93
9,11,2018,100.03,31.93
9,11,2018,99.95,31.91
9,11,2018,99.85,31.91
9,11,2018,99.75,31.91
9,11,2018,99.63,31.91
9,11,2018,99.52,31.95
9,11,2018,99.4,31.95
9,11,2018,99.3,31.95
9,11,2018,99.18,31.95
9,11,2018,99.07,31.91
9,11,2018,98.95,31.91
9,11,2018,98.83,31.91
9,11,2018,98.68,31.91
9,11,2018,98.53,31.93
9,11,2018,98.37,31.93
9,11,2018,98.2,31.93
9,11,2018,98.03,31.93
9,11,2018,97.87,31.91
9,11,2018,97.68,31.91
9,11,2018,97.52,31.91
9,11,2018,97.35,31.91
9,11,2018,97.18,31.93
9,11,2018,97.02,31.93
9,11,2018,96.85,31.93
9,11,2018,96.7,31.93
9,11,2018,96.58,31.91
9,11,2018,96.48,31.91
9,11,2018,96.4,31.91
9,11,2018,96.27,31.91
9,11,2018,96.12,31.93
9,11,2018,95.98,31.93
9,11,2018,95.83,31.93
9,11,2018,95.53,31.93
9,11,2018,95.28,31.91
9,11,2018,95.05,31.91
9,11,2018,94.82,31.91
9,11,2018,94.58,31.91
9,11,2018,94.37,31.91
9,11,2018,94.13,31.91
9,11,2018,93.83,31.91
9,11,2018,93.53,31.91
9,11,2018,93.22,31.91
9,11,2018,92.88,31.91
9,11,2018,92.53,31.91
9,11,2018,92.17,31.91
9,11,2018,91.82,31.93
9,11,2018,91.52,31.93
9,11,2018,91.18,31.93
9,11,2018,90.88,31.93
9,11,2018,90.57,31.91
9,11,2018,90.28,31.91
9,11,2018,90.25,31.91
9,11,2018,90.15,31.91
9,11,2018,90.02,31.91
9,11,2018,89.85,31.91
9,11,2018,89.65,31.91
9,11,2018,89.5,31.91
9,11,2018,89.57,31.93
9,11,2018,89.62,31.93
9,11,2018,89.65,31.93
9,11,2018,89.68,31.93
9,11,2018,89.73,31.93
9,11,2018,89.83,31.93
9,11,2018,89.87,31.93
9,11,2018,89.93,31.93
9,11,2018,89.95,31.93
9,11,2018,89.98,31.93
9,11,2018,90.02,31.93
9,11,2018,90.03,31.93
9,11,2018,90.03,31.93
9,11,2018,90.02,31.93
9,11,2018,89.98,31.93
9,11,2018,89.95,31.93
9,11,2018,89.92,31.95
9,11,2018,89.9,31.95
9,11,2018,89.88,31.95
9,11,2018,89.88,31.95
9,11,2018,89.9,31.95
9,11,2018,89.95,31.95
9,11,2018,90.02,31.95
9,11,2018,90.08,31.95
9,11,2018,90.15,31.93
9,11,2018,90.22,31.93
9,11,2018,90.3,31.93
9,11,2018,90.38,31.93
9,11,2018,90.43,31.91
9,11,2018,90.45,31.91
9,11,2018,90.43,31.91
9,11,2018,90.48,31.91
9,11,2018,90.55,31.91
9,11,2018,90.6,31.91
9,11,2018,90.65,31.91
9,11,2018,90.85,31.91
9,11,2018,91,31.93
9,11,2018,91.17,31.93
9,11,2018,91.35,31.93
9,11,2018,91.53,31.93
9,11,2018,91.72,31.91
9,11,2018,91.9,31.91
9,11,2018,92.13,31.91
9,11,2018,92.33,31.91
9,11,2018,92.55,31.91
9,11,2018,92.77,31.91
9,11,2018,92.98,31.91
9,11,2018,93.2,31.91
9,11,2018,93.42,31.91
9,11,2018,93.62,31.91
9,11,2018,93.87,31.91
9,11,2018,94.08,31.91
9,11,2018,94.33,31.91
9,11,2018,94.57,31.91
9,11,2018,94.53,31.91
9,11,2018,94.57,31.91
9,11,2018,94.62,31.93
9,11,2018,94.68,31.93
9,11,2018,94.8,31.93
9,11,2018,94.87,31.93
9,11,2018,94.73,31.93
9,11,2018,94.63,31.93
9,11,2018,94.58,31.93
9,11,2018,94.57,31.93
9,11,2018,94.58,31.93
9,11,2018,94.62,31.93
9,11,2018,94.75,31.93
9,11,2018,94.88,31.93
9,11,2018,95.08,31.93
9,11,2018,95.27,31.93
9,11,2018,95.38,31.93
9,11,2018,95.52,31.93
9,11,2018,95.65,31.93
9,11,2018,95.77,31.93
9,11,2018,95.9,31.93
9,11,2018,96.05,31.93
9,11,2018,96.22,31.93
9,11,2018,96.4,31.93
9,11,2018,96.6,31.93
9,11,2018,96.77,31.93
9,11,2018,96.92,31.93
9,11,2018,97.07,31.93
9,11,2018,97.2,31.93
9,11,2018,97.28,31.93
9,11,2018,97.35,31.91
9,11,2018,97.33,31.91
9,11,2018,97.28,31.91
9,11,2018,97.22,31.91
9,11,2018,97,31.93
9,11,2018,96.83,31.93
9,11,2018,96.72,31.93
9,11,2018,96.53,31.93
9,11,2018,96.47,31.93
9,11,2018,96.45,31.93
9,11,2018,96.47,31.93
9,11,2018,96.65,31.93
9,11,2018,96.82,31.93
9,11,2018,96.97,31.93
9,11,2018,97.1,31.93
9,11,2018,97.25,31.93
9,11,2018,97.4,31.91
9,11,2018,97.55,31.91
9,11,2018,97.7,31.91
9,11,2018,97.9,31.91
9,11,2018,98.12,31.93
9,11,2018,98.33,31.93
9,11,2018,98.55,31.93
9,11,2018,98.77,31.93
9,11,2018,99,31.93
9,11,2018,99.23,31.93
9,11,2018,99.55,31.93
9,11,2018,99.9,31.93
9,11,2018,100.18,31.95
9,11,2018,100.45,31.95
9,11,2018,100.7,31.95
9,11,2018,100.95,31.95
9,11,2018,100.98,31.93
9,11,2018,101.02,31.93
9,11,2018,101.03,31.93
9,11,2018,101.03,31.93
9,11,2018,101,31.91
9,11,2018,100.93,31.91
9,11,2018,100.85,31.91
9,11,2018,100.73,31.91
9,11,2018,100.62,31.95
9,11,2018,100.43,31.95
9,11,2018,100.23,31.95
9,11,2018,100.03,31.95
9,11,2018,99.82,31.91
9,11,2018,99.6,31.91
9,11,2018,99.43,31.91
9,11,2018,99.27,31.91
9,11,2018,99.12,31.93
9,11,2018,99,31.93
9,11,2018,98.87,31.93
9,11,2018,98.75,31.93
9,11,2018,98.63,31.93
9,11,2018,98.5,31.93
9,11,2018,98.35,31.93
9,11,2018,98.22,31.93
9,11,2018,98.08,31.95
9,11,2018,97.92,31.95
9,11,2018,97.7,31.95
9,11,2018,97.53,31.95
9,11,2018,97.38,31.93
9,11,2018,97.32,31.93
9,11,2018,97.32,31.93
9,11,2018,97.48,31.93
9,11,2018,97.8,31.91
9,11,2018,98.05,31.91
9,11,2018,98.25,31.91
9,11,2018,98.52,31.91
9,11,2018,98.67,31.93
9,11,2018,98.77,31.93
9,11,2018,98.85,31.93
9,11,2018,98.77,31.93
9,11,2018,98.7,31.95
9,11,2018,98.63,31.95
9,11,2018,98.55,31.95
9,11,2018,98.42,31.95
9,11,2018,98.27,31.95
9,11,2018,98.12,31.95
9,11,2018,97.98,31.95
9,11,2018,97.82,31.95
9,11,2018,97.63,31.95
9,11,2018,97.47,31.95
9,11,2018,97.33,31.95
9,11,2018,97.22,31.95
9,11,2018,97.1,31.93
9,11,2018,96.88,31.93
9,11,2018,96.55,31.93
9,11,2018,96.15,31.93
9,11,2018,95.82,31.93
9,11,2018,95.47,31.93
9,11,2018,95.12,31.93
9,11,2018,94.75,31.93
9,11,2018,94.63,31.93
9,11,2018,94.53,31.93
9,11,2018,94.47,31.93
9,11,2018,94.43,31.93
9,11,2018,94.45,31.93
9,11,2018,94.52,31.93
9,11,2018,94.53,31.93
9,11,2018,94.57,31.93
9,11,2018,94.57,31.95
9,11,2018,94.63,31.95
9,11,2018,94.65,31.95
9,11,2018,94.63,31.95
9,11,2018,94.73,31.93
9,11,2018,94.82,31.93
9,11,2018,94.9,31.93
9,11,2018,95,31.93
9,11,2018,95.13,31.93
9,11,2018,95.15,31.93
9,11,2018,95.13,31.93
9,11,2018,95.13,31.93
9,11,2018,95.13,31.93
9,11,2018,95.12,31.93
9,11,2018,95.37,31.93
9,11,2018,95.62,31.93
9,11,2018,95.87,31.93
9,11,2018,96.15,31.93
9,11,2018,96.48,31.93
9,11,2018,96.82,31.93
9,11,2018,97.13,31.95
9,11,2018,97.45,31.95
9,11,2018,97.72,31.95
9,11,2018,97.82,31.95
9,11,2018,97.92,31.95
9,11,2018,98.05,31.95
9,11,2018,98.18,31.95
9,11,2018,98.32,31.95
9,11,2018,98.45,31.93
9,11,2018,98.58,31.93
9,11,2018,98.68,31.93
9,11,2018,98.77,31.93
9,11,2018,98.83,31.95
9,11,2018,98.88,31.95
9,11,2018,98.95,31.95
9,11,2018,99.07,31.95
9,11,2018,99.15,31.95
9,11,2018,99.28,31.95
9,11,2018,99.45,31.95
9,11,2018,99.65,31.95
9,11,2018,99.87,31.95
9,11,2018,100.08,31.95
9,11,2018,100.3,31.95
9,11,2018,100.5,31.95
9,11,2018,100.68,31.95
9,11,2018,100.95,31.95
9,11,2018,101.23,31.95
9,11,2018,101.53,31.95
9,11,2018,101.83,31.93
9,11,2018,102.15,31.93
9,11,2018,102.48,31.93
9,11,2018,102.85,31.93
9,11,2018,103.18,31.95
9,11,2018,103.55,31.95
9,11,2018,104.17,31.95
9,11,2018,104.78,31.95
9,11,2018,105.43,31.95
9,11,2018,106.08,31.95
9,11,2018,106.82,31.95
9,11,2018,107.62,31.95
9,11,2018,108.4,31.97
9,11,2018,109.13,31.97
9,11,2018,109.9,31.97
9,11,2018,110.7,31.97
9,11,2018,111.4,31.95
9,11,2018,112.08,31.95
9,11,2018,112.73,31.95
9,11,2018,113.35,31.95
9,11,2018,113.92,31.95
9,11,2018,114.6,31.95
9,11,2018,115.17,31.95
9,11,2018,115.73,31.95
9,11,2018,116.27,31.95
9,11,2018,116.8,31.95
9,11,2018,117.05,31.95
9,11,2018,117.28,31.95
9,11,2018,117.53,31.97
9,11,2018,117.78,31.97
9,11,2018,117.78,31.97
9,11,2018,117.8,31.97
9,11,2018,117.82,31.95
9,11,2018,117.83,31.95
9,11,2018,117.78,31.95
9,11,2018,117.72,31.95
9,11,2018,117.63,31.97
9,11,2018,117.52,31.97
9,11,2018,117.4,31.97
9,11,2018,117.27,31.97
9,11,2018,117.12,31.95
9,11,2018,116.97,31.95
9,11,2018,116.83,31.95
9,11,2018,116.67,31.95
9,11,2018,116.53,31.97
9,11,2018,116.42,31.97
9,11,2018,116.27,31.97
9,11,2018,116.12,31.97
9,11,2018,116,31.99
9,11,2018,115.85,31.99
9,11,2018,115.65,31.99
9,11,2018,115.43,31.99
9,11,2018,115.23,31.97
9,11,2018,114.97,31.97
9,11,2018,114.73,31.97
9,11,2018,114.57,31.97
9,11,2018,114.4,31.97
9,11,2018,114.3,31.97
9,11,2018,114.2,31.97
9,11,2018,114.1,31.97
9,11,2018,114.05,31.99
9,11,2018,114.05,31.99
9,11,2018,114.02,31.99
9,11,2018,113.93,31.99
9,11,2018,113.82,31.99
9,11,2018,113.65,31.99
9,11,2018,113.12,31.99
9,11,2018,112.55,31.99
9,11,2018,111.92,31.97
9,11,2018,111.27,31.97
9,11,2018,110.62,31.97
9,11,2018,109.9,31.97
9,11,2018,109.22,31.97
9,11,2018,108.45,31.97
9,11,2018,107.72,31.97
9,11,2018,106.98,31.97
9,11,2018,106.23,31.99
9,11,2018,105.5,31.99
9,11,2018,104.78,31.99
9,11,2018,104.03,31.99
9,11,2018,103.3,31.97
9,11,2018,102.52,31.97
9,11,2018,101.95,31.97
9,11,2018,101.37,31.97
9,11,2018,100.82,31.97
9,11,2018,100.23,31.97
9,11,2018,99.63,31.97
9,11,2018,98.93,31.97
9,11,2018,98.22,31.99
9,11,2018,97.42,31.99
9,11,2018,96.92,31.99
9,11,2018,96.35,31.99
9,11,2018,95.83,31.97
9,11,2018,95.35,31.97
9,11,2018,94.97,31.97
9,11,2018,94.57,31.97
9,11,2018,94.2,31.97
9,11,2018,93.9,31.97
9,11,2018,93.48,31.97
9,11,2018,93.4,31.97
9,11,2018,93.32,31.99
9,11,2018,93.37,31.99
9,11,2018,93.4,31.99
9,11,2018,93.47,31.99
9,11,2018,93.52,31.97
9,11,2018,93.58,31.97
9,11,2018,93.7,31.97
9,11,2018,93.82,31.97
9,11,2018,93.95,31.97
9,11,2018,94.1,31.97
9,11,2018,94.25,31.97
9,11,2018,94.38,31.97
9,11,2018,94.47,31.99
9,11,2018,94.58,31.99
9,11,2018,94.62,31.99
9,11,2018,94.58,31.99
9,11,2018,94.55,31.97
9,11,2018,94.45,31.97
9,11,2018,94.37,31.97
9,11,2018,94.32,31.97
9,11,2018,94.25,31.97
9,11,2018,94.13,31.97
9,11,2018,94.05,31.97
9,11,2018,93.98,31.97
9,11,2018,93.95,31.97
9,11,2018,93.9,31.97
9,11,2018,93.93,31.97
9,11,2018,93.97,31.97
9,11,2018,94,31.95
9,11,2018,94.03,31.95
9,11,2018,94.05,31.95
9,11,2018,94.08,31.95
9,11,2018,94.12,31.95
9,11,2018,94.25,31.95
9,11,2018,94.37,31.95
9,11,2018,94.47,31.95
9,11,2018,94.57,31.95
9,11,2018,94.68,31.95
9,11,2018,94.8,31.95
9,11,2018,94.97,31.95
9,11,2018,95.13,31.93
9,11,2018,95.35,31.93
9,11,2018,95.53,31.93
9,11,2018,95.72,31.93
9,11,2018,95.87,31.93
9,11,2018,96.05,31.93
9,11,2018,96.27,31.93
9,11,2018,96.57,31.93
9,11,2018,96.85,31.93
9,11,2018,97.2,31.93
9,11,2018,97.5,31.93
9,11,2018,97.87,31.93
9,11,2018,98.22,31.97
9,11,2018,98.57,31.97
9,11,2018,98.9,31.97
9,11,2018,99.28,31.97
9,11,2018,99.65,31.95
9,11,2018,99.95,31.95
9,11,2018,100.37,31.95
9,11,2018,100.43,31.95
9,11,2018,100.5,31.93
9,11,2018,100.4,31.93
9,11,2018,100.33,31.93
9,11,2018,100.28,31.93
9,11,2018,100.25,31.95
9,11,2018,100.22,31.95
9,11,2018,100.2,31.95
9,11,2018,100.2,31.95
9,11,2018,100.18,31.93
9,11,2018,100.15,31.93
9,11,2018,100.12,31.93
9,11,2018,100.08,31.93
9,11,2018,100.05,31.95
9,11,2018,100.03,31.95
9,11,2018,100.03,31.95
9,11,2018,100.03,31.95
9,11,2018,100.02,31.91
9,11,2018,100,31.91
9,11,2018,99.97,31.91
9,11,2018,99.88,31.91
9,11,2018,99.72,31.93
9,11,2018,99.55,31.93
9,11,2018,99.37,31.93
9,11,2018,99.2,31.93
9,11,2018,99.03,31.93
9,11,2018,98.88,31.93
9,11,2018,98.77,31.93
9,11,2018,98.68,31.93
9,11,2018,98.62,31.93
9,11,2018,98.58,31.93
9,11,2018,98.57,31.93
9,11,2018,98.53,31.93
9,11,2018,98.48,31.91
9,11,2018,98.42,31.91
9,11,2018,98.3,31.91
9,11,2018,98.15,31.91
9,11,2018,97.98,31.91
9,11,2018,97.8,31.91
9,11,2018,97.63,31.91
9,11,2018,97.48,31.91
9,11,2018,97.37,31.91
9,11,2018,97.28,31.91
9,11,2018,97.17,31.91
9,11,2018,97.1,31.91
9,11,2018,97.07,31.93
9,11,2018,97.03,31.93
9,11,2018,97,31.93
9,11,2018,97,31.93
9,11,2018,97.02,31.91
9,11,2018,97.05,31.91
9,11,2018,97.08,31.91
9,11,2018,97.07,31.91
9,11,2018,97.05,31.91
9,11,2018,97.02,31.91
9,11,2018,96.97,31.91
9,11,2018,96.92,31.91
9,11,2018,96.87,31.89
9,11,2018,96.83,31.89
9,11,2018,96.83,31.89
9,11,2018,96.9,31.89
9,11,2018,96.98,31.89
9,11,2018,97.1,31.89
9,11,2018,97.2,31.89
9,11,2018,97.28,31.89
9,11,2018,97.33,31.93
9,11,2018,97.35,31.93
9,11,2018,97.27,31.93
9,11,2018,97.17,31.93
9,11,2018,97.08,31.89
9,11,2018,96.98,31.89
9,11,2018,96.88,31.89
9,11,2018,96.78,31.89
9,11,2018,96.67,31.91
9,11,2018,96.55,31.91
9,11,2018,96.45,31.91
9,11,2018,96.37,31.91
9,11,2018,96.3,31.91
9,11,2018,96.25,31.91
9,11,2018,96.23,31.91
9,11,2018,96.23,31.91
9,11,2018,96.23,31.91
9,11,2018,96.22,31.91
9,11,2018,96.22,31.91
9,11,2018,96.2,31.91
9,11,2018,96.2,31.89
9,11,2018,96.22,31.89
9,11,2018,96.13,31.89
9,11,2018,96.08,31.89
9,11,2018,96.03,31.89
9,11,2018,95.98,31.89
9,11,2018,95.88,31.89
9,11,2018,95.9,31.89
9,11,2018,95.92,31.89
9,11,2018,95.93,31.89
9,11,2018,95.98,31.89
9,11,2018,96.07,31.89
9,11,2018,96.18,31.89
9,11,2018,96.32,31.89
9,11,2018,96.47,31.89
9,11,2018,96.62,31.89
9,11,2018,96.75,31.89
9,11,2018,96.85,31.89
9,11,2018,96.98,31.89
9,11,2018,97.05,31.89
9,11,2018,97.08,31.89
9,11,2018,97.12,31.89
9,11,2018,97.15,31.89
9,11,2018,97.18,31.89
9,11,2018,97.2,31.87
9,11,2018,97.22,31.87
9,11,2018,97.25,31.87
9,11,2018,97.32,31.87
9,11,2018,97.37,31.87
9,11,2018,97.42,31.87
9,11,2018,97.47,31.87
9,11,2018,97.5,31.87
9,11,2018,97.55,31.87
9,11,2018,97.58,31.87
9,11,2018,97.62,31.87
9,11,2018,97.62,31.87
9,11,2018,97.62,31.89
9,11,2018,97.6,31.89
9,11,2018,97.62,31.89
9,11,2018,97.67,31.89
9,11,2018,97.73,31.89
9,11,2018,97.8,31.89
9,11,2018,97.93,31.89
9,11,2018,98.02,31.89
9,11,2018,98.07,31.87
9,11,2018,98.02,31.87
9,11,2018,98.02,31.87
9,11,2018,98.05,31.87
9,11,2018,98.1,31.87
9,11,2018,98.17,31.87
9,11,2018,98.27,31.87
9,11,2018,98.38,31.87
9,11,2018,98.42,31.87
9,11,2018,98.42,31.87
9,11,2018,98.4,31.87
9,11,2018,98.38,31.87
9,11,2018,98.42,31.89
9,11,2018,98.37,31.89
9,11,2018,98.35,31.89
9,11,2018,98.35,31.89
9,11,2018,98.33,31.85
9,11,2018,98.3,31.85
9,11,2018,98.35,31.85
9,11,2018,98.35,31.85
9,11,2018,98.33,31.85
9,11,2018,98.23,31.85
9,11,2018,98.17,31.85
9,11,2018,97.97,31.85
9,11,2018,97.77,31.85
9,11,2018,97.53,31.85
9,11,2018,97.33,31.85
9,11,2018,97.12,31.85
9,11,2018,96.88,31.85
9,11,2018,96.65,31.85
9,11,2018,96.43,31.85
9,11,2018,96.17,31.85
9,11,2018,95.88,31.85
9,11,2018,95.45,31.85
9,11,2018,95.05,31.85
9,11,2018,94.62,31.85
9,11,2018,94.22,31.83
9,11,2018,93.82,31.83
9,11,2018,93.43,31.83
9,11,2018,93.13,31.83
9,11,2018,92.87,31.85
9,11,2018,92.6,31.85
9,11,2018,92.33,31.85
9,11,2018,92.07,31.85
9,11,2018,91.82,31.85
9,11,2018,91.53,31.85
9,11,2018,91.28,31.85
9,11,2018,91.07,31.85
9,11,2018,91,31.83
9,11,2018,90.97,31.83
9,11,2018,91.03,31.83
9,11,2018,91.08,31.83
9,11,2018,91.18,31.83
9,11,2018,91.38,31.83
9,11,2018,91.35,31.83
9,11,2018,91.33,31.83
9,11,2018,91.3,31.87
9,11,2018,91.28,31.87
9,11,2018,91.32,31.87
9,11,2018,91.35,31.87
9,11,2018,91.35,31.85
9,11,2018,91.45,31.85
9,11,2018,91.52,31.85
9,11,2018,91.5,31.85
9,11,2018,91.38,31.85
9,11,2018,91.22,31.85
9,11,2018,90.98,31.85
9,11,2018,90.77,31.85
9,11,2018,90.63,31.85
9,11,2018,90.53,31.85
9,11,2018,90.52,31.85
9,11,2018,90.47,31.85
9,11,2018,90.42,31.85
9,11,2018,90.47,31.85
9,11,2018,90.47,31.85
9,11,2018,90.48,31.85
9,11,2018,90.53,31.81
9,11,2018,90.58,31.81
9,11,2018,90.7,31.81
9,11,2018,90.85,31.81
9,11,2018,91.07,31.81
9,11,2018,91.33,31.81
9,11,2018,91.6,31.81
9,11,2018,91.9,31.81
9,11,2018,92.2,31.83
9,11,2018,92.57,31.83
9,11,2018,92.92,31.83
9,11,2018,93.25,31.83
9,11,2018,93.62,31.83
9,11,2018,93.97,31.83
9,11,2018,94.3,31.83
9,11,2018,94.67,31.83
9,11,2018,95.03,31.83
9,11,2018,95.57,31.83
9,11,2018,96,31.83
9,11,2018,96.45,31.83
9,11,2018,96.9,31.81
9,11,2018,97.35,31.81
9,11,2018,97.78,31.81
9,11,2018,98.12,31.81
9,11,2018,98.38,31.83
9,11,2018,98.7,31.83
9,11,2018,98.88,31.83
9,11,2018,99.1,31.83
9,11,2018,99.32,31.79
9,11,2018,99.52,31.79
9,11,2018,99.7,31.79
9,11,2018,99.83,31.79
9,11,2018,99.82,31.81
9,11,2018,99.82,31.81
9,11,2018,99.73,31.81
9,11,2018,99.6,31.81
9,11,2018,99.42,31.81
9,11,2018,99.15,31.81
9,11,2018,99.15,31.81
9,11,2018,99.1,31.81
9,11,2018,99.07,31.83
9,11,2018,98.97,31.83
9,11,2018,98.8,31.83
9,11,2018,98.67,31.83
9,11,2018,98.6,31.79
9,11,2018,98.58,31.79
9,11,2018,98.55,31.79
9,11,2018,98.62,31.79
9,11,2018,98.72,31.79
9,11,2018,98.85,31.79
9,11,2018,99.02,31.79
9,11,2018,99.02,31.79
9,11,2018,99.03,31.81
9,11,2018,99.07,31.81
9,11,2018,99.02,31.81
9,11,2018,99.03,31.81
9,11,2018,99.08,31.83
9,11,2018,99.15,31.83
9,11,2018,99.28,31.83
9,11,2018,99.43,31.83
9,11,2018,99.55,31.81
9,11,2018,99.67,31.81
9,11,2018,99.72,31.81
9,11,2018,99.7,31.81
9,11,2018,99.65,31.79
9,11,2018,99.6,31.79
9,11,2018,99.5,31.79
9,11,2018,99.38,31.79
9,11,2018,99.27,31.79
9,11,2018,99.12,31.79
9,11,2018,98.95,31.79
9,11,2018,98.87,31.79
9,11,2018,98.75,31.79
9,11,2018,98.58,31.79
9,11,2018,98.38,31.79
9,11,2018,98.08,31.79
9,11,2018,97.87,31.79
9,11,2018,97.6,31.79
9,11,2018,97.37,31.79
9,11,2018,97.18,31.79
9,11,2018,96.98,31.79
9,11,2018,96.83,31.79
9,11,2018,96.68,31.79
9,11,2018,96.58,31.79
9,11,2018,96.55,31.81
9,11,2018,96.42,31.81
9,11,2018,96.38,31.81
9,11,2018,96.32,31.81
9,11,2018,96.2,31.79
9,11,2018,96.07,31.79
9,11,2018,95.87,31.79
9,11,2018,95.67,31.79
9,11,2018,95.45,31.79
9,11,2018,95.18,31.79
9,11,2018,94.88,31.79
9,11,2018,94.65,31.79
9,11,2018,94.38,31.79
9,11,2018,94.17,31.79
9,11,2018,93.83,31.79
9,11,2018,93.52,31.79
9,11,2018,93.22,31.79
9,11,2018,92.98,31.79
9,11,2018,92.78,31.79
9,11,2018,92.63,31.79
9,11,2018,92.37,31.77
9,11,2018,92.1,31.77
9,11,2018,91.83,31.77
9,11,2018,91.47,31.77
9,11,2018,91.17,31.79
9,11,2018,90.88,31.79
9,11,2018,90.6,31.79
9,11,2018,90.43,31.79
9,11,2018,90.27,31.79
9,11,2018,90.07,31.79
9,11,2018,89.88,31.79
9,11,2018,89.68,31.79
9,11,2018,89.43,31.79
9,11,2018,89.13,31.79
9,11,2018,88.8,31.79
9,11,2018,88.42,31.79
9,11,2018,88.02,31.79
9,11,2018,87.6,31.79
9,11,2018,87.2,31.79
9,11,2018,86.98,31.79
9,11,2018,86.78,31.77
9,11,2018,86.6,31.77
9,11,2018,86.5,31.77
9,11,2018,86.32,31.77
9,11,2018,86.12,31.77
9,11,2018,85.88,31.77
9,11,2018,85.65,31.77
9,11,2018,85.22,31.77
9,11,2018,85.13,31.77
9,11,2018,85.13,31.77
9,11,2018,85.08,31.77
9,11,2018,85.42,31.77
9,11,2018,85.68,31.75
9,11,2018,85.98,31.75
9,11,2018,86.28,31.75
9,11,2018,86.55,31.75
9,11,2018,86.82,31.73
9,11,2018,87.05,31.73
9,11,2018,87.28,31.73
9,11,2018,87.47,31.73
9,11,2018,87.62,31.73
9,11,2018,87.78,31.73
9,11,2018,87.95,31.73
9,11,2018,88.12,31.73
9,11,2018,88.3,31.75
9,11,2018,88.53,31.75
9,11,2018,88.77,31.75
9,11,2018,89.02,31.75
9,11,2018,89.28,31.75
9,11,2018,89.55,31.75
9,11,2018,89.82,31.75
9,11,2018,90.08,31.75
9,11,2018,90.4,31.75
9,11,2018,90.7,31.75
9,11,2018,91.07,31.75
9,11,2018,91.47,31.75
9,11,2018,91.98,31.77
9,11,2018,92.58,31.77
9,11,2018,93.13,31.77
9,11,2018,93.62,31.77
9,11,2018,94.22,31.75
9,11,2018,94.9,31.75
9,11,2018,95.53,31.75
9,11,2018,96.18,31.75
9,11,2018,96.82,31.75
9,11,2018,97.45,31.75
9,11,2018,98.08,31.75
9,11,2018,98.75,31.75
9,11,2018,99.42,31.77
9,11,2018,100,31.77
9,11,2018,100.57,31.77
9,11,2018,101.15,31.77
9,11,2018,101.75,31.77
9,11,2018,102.4,31.77
9,11,2018,102.98,31.77
9,11,2018,103.58,31.77
9,11,2018,104.18,31.73
9,11,2018,104.8,31.73
9,11,2018,105.38,31.73
9,11,2018,105.77,31.73
9,11,2018,106.18,31.75
9,11,2018,106.48,31.75
9,11,2018,106.73,31.75
9,11,2018,107,31.75
9,11,2018,107.3,31.77
9,11,2018,107.57,31.77
9,11,2018,107.87,31.77
9,11,2018,108.33,31.77
9,11,2018,108.45,31.77
9,11,2018,108.55,31.77
9,11,2018,108.7,31.77
9,11,2018,108.57,31.77
9,11,2018,108.4,31.77
9,11,2018,108.23,31.77
9,11,2018,108.12,31.77
9,11,2018,107.97,31.77
9,11,2018,107.85,31.73
9,11,2018,107.72,31.73
9,11,2018,107.62,31.73
9,11,2018,107.53,31.73
9,11,2018,107.5,31.75
9,11,2018,107.5,31.75
9,11,2018,107.5,31.75
9,11,2018,107.5,31.75
9,11,2018,107.55,31.75
9,11,2018,107.57,31.75
9,11,2018,107.63,31.75
9,11,2018,107.7,31.75
9,11,2018,107.67,31.75
9,11,2018,107.68,31.75
9,11,2018,107.68,31.75
9,11,2018,107.67,31.75
9,11,2018,107.63,31.77
9,11,2018,107.57,31.77
9,11,2018,107.52,31.77
9,11,2018,107.42,31.77
9,11,2018,107.25,31.77
9,11,2018,107.02,31.77
9,11,2018,106.82,31.77
9,11,2018,106.63,31.77
9,11,2018,106.5,31.75
9,11,2018,106.22,31.75
9,11,2018,105.98,31.75
9,11,2018,105.77,31.75
9,11,2018,105.57,31.77
9,11,2018,105.37,31.77
9,11,2018,105.17,31.77
9,11,2018,104.93,31.77
9,11,2018,104.75,31.75
9,11,2018,104.73,31.75
9,11,2018,104.72,31.75
9,11,2018,104.68,31.75
9,11,2018,104.65,31.75
9,11,2018,104.73,31.75
9,11,2018,104.87,31.75
9,11,2018,105.03,31.75
9,11,2018,105.23,31.75
9,11,2018,105.43,31.75
9,11,2018,105.6,31.75
9,11,2018,105.97,31.75
9,11,2018,106.27,31.77
9,11,2018,106.63,31.77
9,11,2018,107,31.77
9,11,2018,107.42,31.77
9,11,2018,107.82,31.77
9,11,2018,108.08,31.77
9,11,2018,108.3,31.77
9,11,2018,108.52,31.77
9,11,2018,108.62,31.79
9,11,2018,108.78,31.79
9,11,2018,108.98,31.79
9,11,2018,109.25,31.79
9,11,2018,109.57,31.77
9,11,2018,109.92,31.77
9,11,2018,110.22,31.77
9,11,2018,110.52,31.77
9,11,2018,110.83,31.77
9,11,2018,111.2,31.77
9,11,2018,111.52,31.77
9,11,2018,111.85,31.77
9,11,2018,112.15,31.75
9,11,2018,112.23,31.75
9,11,2018,112.25,31.75
9,11,2018,112.25,31.75
9,11,2018,112.22,31.79
9,11,2018,112.2,31.79
9,11,2018,112.2,31.79
9,11,2018,112.2,31.79
9,11,2018,112.27,31.77
9,11,2018,112.27,31.77
9,11,2018,112.28,31.77
9,11,2018,112.33,31.77
9,11,2018,112.4,31.75
9,11,2018,112.42,31.75
9,11,2018,112.4,31.75
9,11,2018,112.37,31.75
9,11,2018,112.3,31.77
9,11,2018,112.23,31.77
9,11,2018,112.13,31.77
9,11,2018,112.02,31.77
9,11,2018,111.83,31.79
9,11,2018,111.7,31.79
9,11,2018,111.58,31.79
9,11,2018,111.48,31.79
9,11,2018,111.43,31.77
9,11,2018,111.35,31.77
9,11,2018,111.28,31.77
9,11,2018,111.32,31.77
9,11,2018,111.27,31.79
9,11,2018,111.17,31.79
9,11,2018,111.15,31.79
9,11,2018,111.32,31.79
9,11,2018,111.48,31.79
9,11,2018,111.53,31.79
9,11,2018,111.62,31.79
9,11,2018,111.67,31.79
9,11,2018,111.62,31.77
9,11,2018,111.58,31.77
9,11,2018,111.58,31.77
9,11,2018,111.45,31.77
9,11,2018,111.32,31.79
9,11,2018,111.35,31.79
9,11,2018,111.45,31.79
9,11,2018,111.55,31.79
9,11,2018,111.5,31.77
9,11,2018,111.65,31.77
9,11,2018,112,31.77
9,11,2018,112.5,31.77
9,11,2018,113.12,31.79
9,11,2018,113.67,31.79
9,11,2018,113.92,31.79
9,11,2018,114.1,31.79
9,11,2018,113.87,31.79
9,11,2018,113.6,31.79
9,11,2018,113.3,31.79
9,11,2018,112.68,31.79
9,11,2018,111.98,31.79
9,11,2018,111.2,31.79
9,11,2018,110.43,31.79
9,11,2018,109.65,31.79
9,11,2018,108.75,31.79
9,11,2018,108.05,31.79
9,11,2018,107.45,31.79
9,11,2018,106.85,31.79
9,11,2018,106.28,31.79
9,11,2018,105.68,31.79
9,11,2018,105.08,31.79
9,11,2018,104.43,31.79
9,11,2018,103.87,31.79
9,11,2018,103.3,31.79
9,11,2018,103.1,31.79
9,11,2018,102.85,31.79
9,11,2018,102.58,31.77
9,11,2018,102.37,31.77
9,11,2018,102.15,31.77
9,11,2018,101.98,31.77
9,11,2018,101.83,31.79
9,11,2018,101.63,31.79
9,11,2018,101.45,31.79
9,11,2018,101.3,31.79
9,11,2018,101.13,31.77
9,11,2018,100.98,31.77
9,11,2018,100.8,31.77
9,11,2018,100.63,31.77
9,11,2018,100.38,31.77
9,11,2018,100.17,31.77
9,11,2018,99.9,31.77
9,11,2018,99.58,31.77
9,11,2018,99.27,31.77
9,11,2018,98.87,31.77
9,11,2018,98.38,31.77
9,11,2018,97.52,31.77
9,11,2018,96.65,31.77
9,11,2018,95.77,31.77
9,11,2018,94.85,31.77
9,11,2018,93.93,31.77
9,11,2018,93.1,31.79
9,11,2018,92.25,31.79
9,11,2018,91.38,31.79
9,11,2018,90.62,31.79
9,11,2018,89.85,31.79
9,11,2018,88.95,31.79
9,11,2018,87.93,31.79
9,11,2018,86.92,31.79
9,11,2018,85.98,31.79
9,11,2018,85.05,31.79
9,11,2018,83.93,31.79
9,11,2018,82.65,31.79
9,11,2018,81.38,31.79
9,11,2018,80.1,31.79
9,11,2018,79.1,31.79
9,11,2018,78.08,31.79
9,11,2018,77.58,31.79
9,11,2018,77.05,31.79
9,11,2018,76.72,31.79
9,11,2018,76.73,31.79
9,11,2018,76.8,31.79
9,11,2018,76.9,31.79
9,11,2018,76.95,31.79
9,11,2018,77,31.79
9,11,2018,77.22,31.79
9,11,2018,77.45,31.79
9,11,2018,77.78,31.79
9,11,2018,78.12,31.79
9,11,2018,78.37,31.77
9,11,2018,78.67,31.77
9,11,2018,78.97,31.77
9,11,2018,79.32,31.77
9,11,2018,79.57,31.79
9,11,2018,79.87,31.79
9,11,2018,79.78,31.79
9,11,2018,79.75,31.79
9,11,2018,79.75,31.79
9,11,2018,79.72,31.79
9,11,2018,79.67,31.79
9,11,2018,79.57,31.79
9,11,2018,79.42,31.81
9,11,2018,79.3,31.81
9,11,2018,79.18,31.81
9,11,2018,78.95,31.81
9,11,2018,78.75,31.79
9,11,2018,78.53,31.79
9,11,2018,78.3,31.79
9,11,2018,78.08,31.79
9,11,2018,77.9,31.79
9,11,2018,77.7,31.79
9,11,2018,77.6,31.79
9,11,2018,77.48,31.79
9,11,2018,77.3,31.79
9,11,2018,77.17,31.79
9,11,2018,77.07,31.79
9,11,2018,77.2,31.79
9,11,2018,77.38,31.81
9,11,2018,77.53,31.81
9,11,2018,77.67,31.81
9,11,2018,77.68,31.81
9,11,2018,77.92,31.79
9,11,2018,78.15,31.79
9,11,2018,78.42,31.79
9,11,2018,78.53,31.79
9,11,2018,78.65,31.77
9,11,2018,78.85,31.77
9,11,2018,79.1,31.77
9,11,2018,79.37,31.77
9,11,2018,79.68,31.77
9,11,2018,80.02,31.77
9,11,2018,80.37,31.77
9,11,2018,80.75,31.77
9,11,2018,81.13,31.79
9,11,2018,81.52,31.79
9,11,2018,81.88,31.79
9,11,2018,82.27,31.79
9,11,2018,82.42,31.79
9,11,2018,82.67,31.79
9,11,2018,82.77,31.79
9,11,2018,82.85,31.79
9,11,2018,82.88,31.81
9,11,2018,82.85,31.81
9,11,2018,82.87,31.81
9,11,2018,82.9,31.81
9,11,2018,83.03,31.79
9,11,2018,83.15,31.79
9,11,2018,83.15,31.79
9,11,2018,83.18,31.79
9,11,2018,83.25,31.79
9,11,2018,83.32,31.79
9,11,2018,83.37,31.79
9,11,2018,83.43,31.79
9,11,2018,83.53,31.79
9,11,2018,83.6,31.79
9,11,2018,83.67,31.79
9,11,2018,83.7,31.79
9,11,2018,83.72,31.81
9,11,2018,83.78,31.81
9,11,2018,83.87,31.81
9,11,2018,83.98,31.81
9,11,2018,84.08,31.81
9,11,2018,84.15,31.81
9,11,2018,84.25,31.81
9,11,2018,84.32,31.81
9,11,2018,84.4,31.79
9,11,2018,84.48,31.79
9,11,2018,84.62,31.79
9,11,2018,84.72,31.79
9,11,2018,84.87,31.81
9,11,2018,85.07,31.81
9,11,2018,85.2,31.81
9,11,2018,85.35,31.81
9,11,2018,85.6,31.81
9,11,2018,85.85,31.81
9,11,2018,86.07,31.81
9,11,2018,86.22,31.81
9,11,2018,86.32,31.79
9,11,2018,86.4,31.79
9,11,2018,86.5,31.79
9,11,2018,86.72,31.79
9,11,2018,86.68,31.79
9,11,2018,86.7,31.79
9,11,2018,86.72,31.79
9,11,2018,86.7,31.79
9,11,2018,86.75,31.77
9,11,2018,86.72,31.77
9,11,2018,86.68,31.77
9,11,2018,86.63,31.77
9,11,2018,86.57,31.79
9,11,2018,86.45,31.79
9,11,2018,86.18,31.79
9,11,2018,85.87,31.79
9,11,2018,85.55,31.79
9,11,2018,85.28,31.79
9,11,2018,85.05,31.79
9,11,2018,84.78,31.79
9,11,2018,84.63,31.79
9,11,2018,84.43,31.79
9,11,2018,84.27,31.79
9,11,2018,84.08,31.79
9,11,2018,83.93,31.79
9,11,2018,83.8,31.79
9,11,2018,83.67,31.79
9,11,2018,83.5,31.79
9,11,2018,83.23,31.79
9,11,2018,82.9,31.79
9,11,2018,82.53,31.79
9,11,2018,82.13,31.79
9,11,2018,81.77,31.79
9,11,2018,81.47,31.79
9,11,2018,81.28,31.79
9,11,2018,81.1,31.79
9,11,2018,80.95,31.77
9,11,2018,80.8,31.77
9,11,2018,80.67,31.77
9,11,2018,80.57,31.77
9,11,2018,80.48,31.79
9,11,2018,80.43,31.79
9,11,2018,80.4,31.79
9,11,2018,80.45,31.79
9,11,2018,80.62,31.79
9,11,2018,80.8,31.79
9,11,2018,80.95,31.79
9,11,2018,81.2,31.79
9,11,2018,81.4,31.79
9,11,2018,81.6,31.79
9,11,2018,81.77,31.79
9,11,2018,81.88,31.79
9,11,2018,82,31.79
9,11,2018,82.08,31.79
9,11,2018,82.17,31.79
9,11,2018,82.23,31.79
9,11,2018,82.27,31.79
9,11,2018,82.28,31.79
9,11,2018,82.3,31.79
9,11,2018,82.32,31.79
9,11,2018,82.3,31.79
9,11,2018,82.32,31.79
9,11,2018,82.33,31.79
9,11,2018,82.32,31.79
9,11,2018,82.32,31.81
9,11,2018,82.25,31.81
9,11,2018,82.22,31.81
9,11,2018,82.2,31.81
9,11,2018,82.08,31.81
9,11,2018,81.92,31.81
9,11,2018,81.73,31.81
9,11,2018,81.6,31.81
9,11,2018,81.48,31.79
9,11,2018,81.57,31.79
9,11,2018,81.77,31.79
9,11,2018,81.92,31.79
9,11,2018,82.08,31.79
9,11,2018,82.2,31.79
9,11,2018,82.32,31.79
9,11,2018,82.52,31.79
9,11,2018,82.65,31.81
9,11,2018,82.87,31.81
9,11,2018,83.07,31.81
9,11,2018,83.23,31.81
9,11,2018,83.47,31.81
9,11,2018,83.75,31.81
9,11,2018,83.98,31.81
9,11,2018,84.2,31.81
9,11,2018,84.37,31.81
9,11,2018,84.55,31.81
9,11,2018,84.8,31.81
9,11,2018,84.95,31.81
9,11,2018,85.07,31.81
9,11,2018,85.15,31.81
9,11,2018,85.17,31.81
9,11,2018,85.17,31.81
9,11,2018,85.13,31.79
9,11,2018,85.1,31.79
9,11,2018,85.05,31.79
9,11,2018,85,31.79
9,11,2018,84.92,31.81
9,11,2018,84.85,31.81
9,11,2018,84.85,31.81
9,11,2018,84.82,31.81
9,11,2018,84.72,31.79
9,11,2018,84.6,31.79
9,11,2018,84.5,31.79
9,11,2018,84.45,31.79
9,11,2018,84.4,31.81
9,11,2018,84.32,31.81
9,11,2018,84.27,31.81
9,11,2018,84.28,31.81
9,11,2018,84.25,31.79
9,11,2018,84.2,31.79
9,11,2018,84.13,31.79
9,11,2018,84.05,31.79
9,11,2018,83.95,31.81
9,11,2018,83.9,31.81
9,11,2018,83.82,31.81
9,11,2018,83.72,31.81
9,11,2018,83.63,31.81
9,11,2018,83.57,31.81
9,11,2018,83.53,31.81
9,11,2018,83.55,31.81
9,11,2018,83.65,31.81
9,11,2018,83.8,31.81
9,11,2018,83.92,31.81
9,11,2018,84.05,31.81
9,11,2018,84.2,31.81
9,11,2018,84.35,31.81
9,11,2018,84.62,31.81
9,11,2018,84.83,31.81
9,11,2018,84.8,31.81
9,11,2018,84.6,31.81
9,11,2018,84.45,31.81
9,11,2018,84.38,31.81
9,11,2018,84.3,31.79
9,11,2018,84.25,31.79
9,11,2018,84.18,31.79
9,11,2018,84.08,31.79
9,11,2018,84,31.79
9,11,2018,83.8,31.79
9,11,2018,83.65,31.79
9,11,2018,83.55,31.79
9,11,2018,83.33,31.79
9,11,2018,83.12,31.79
9,11,2018,82.93,31.79
9,11,2018,82.78,31.79
9,11,2018,82.63,31.81
9,11,2018,82.6,31.81
9,11,2018,82.58,31.81
9,11,2018,82.7,31.81
9,11,2018,82.78,31.81
9,11,2018,82.8,31.81
9,11,2018,82.77,31.81
9,11,2018,82.75,31.81
9,11,2018,82.77,31.81
9,11,2018,82.78,31.81
9,11,2018,82.8,31.81
9,11,2018,82.73,31.81
9,11,2018,82.68,31.81
9,11,2018,82.58,31.81
9,11,2018,82.42,31.81
9,11,2018,82.17,31.81
9,11,2018,81.88,31.81
9,11,2018,81.63,31.81
9,11,2018,81.43,31.81
9,11,2018,81.23,31.81
9,11,2018,81.05,31.79
9,11,2018,80.87,31.79
9,11,2018,80.67,31.79
9,11,2018,80.43,31.79
9,11,2018,80.22,31.83
9,11,2018,80,31.83
9,11,2018,79.77,31.83
9,11,2018,79.53,31.83
9,11,2018,79.27,31.81
9,11,2018,79,31.81
9,11,2018,78.77,31.81
9,11,2018,78.63,31.81
9,11,2018,78.52,31.81
9,11,2018,78.37,31.81
9,11,2018,78.17,31.81
9,11,2018,77.95,31.81
9,11,2018,77.67,31.81
9,11,2018,77.33,31.81
9,11,2018,76.98,31.81
9,11,2018,76.67,31.81
9,11,2018,76.33,31.81
9,11,2018,76.07,31.81
9,11,2018,75.72,31.81
9,11,2018,75.38,31.81
9,11,2018,75.43,31.79
9,11,2018,75.47,31.79
9,11,2018,75.5,31.79
9,11,2018,75.47,31.79
9,11,2018,75.43,31.79
9,11,2018,75.4,31.79
9,11,2018,75.35,31.79
9,11,2018,75.28,31.79
9,11,2018,75.25,31.81
9,11,2018,75.2,31.81
9,11,2018,75.1,31.81
9,11,2018,75,31.81
9,11,2018,75,31.81
9,11,2018,74.97,31.81
9,11,2018,74.95,31.81
9,11,2018,74.95,31.81
9,11,2018,74.93,31.79
9,11,2018,74.82,31.79
9,11,2018,74.6,31.79
9,11,2018,74.38,31.79
9,11,2018,74.22,31.81
9,11,2018,74.08,31.81
9,11,2018,73.97,31.81
9,11,2018,73.97,31.81
9,11,2018,73.92,31.81
9,11,2018,73.87,31.81
9,11,2018,73.85,31.81
9,11,2018,73.87,31.81
9,11,2018,73.83,31.81
9,11,2018,73.78,31.81
9,11,2018,73.67,31.81
9,11,2018,73.53,31.81
9,11,2018,73.42,31.79
9,11,2018,73.28,31.79
9,11,2018,73.13,31.79
9,11,2018,73.03,31.79
9,11,2018,72.92,31.79
9,11,2018,72.83,31.79
9,11,2018,72.78,31.79
9,11,2018,72.8,31.79
9,11,2018,72.87,31.79
9,11,2018,73.02,31.79
9,11,2018,73.22,31.79
9,11,2018,73.53,31.79
9,11,2018,73.92,31.81
9,11,2018,74.25,31.81
9,11,2018,74.57,31.81
9,11,2018,74.85,31.81
9,11,2018,75.15,31.81
9,11,2018,75.48,31.81
9,11,2018,75.8,31.81
9,11,2018,76.12,31.81
9,11,2018,76.43,31.81
9,11,2018,76.75,31.81
9,11,2018,77.1,31.81
9,11,2018,77.45,31.81
9,11,2018,77.82,31.83
9,11,2018,78.18,31.83
9,11,2018,78.53,31.83
9,11,2018,78.88,31.83
9,11,2018,79.12,31.79
9,11,2018,79.37,31.79
9,11,2018,79.6,31.79
9,11,2018,79.88,31.79
9,11,2018,80.17,31.81
9,11,2018,80.48,31.81
9,11,2018,80.82,31.81
9,11,2018,81.15,31.81
9,11,2018,81.47,31.81
9,11,2018,81.78,31.81
9,11,2018,82.05,31.81
9,11,2018,82.38,31.81
9,11,2018,82.72,31.79
9,11,2018,83.07,31.79
9,11,2018,83.42,31.79
9,11,2018,83.77,31.79
9,11,2018,84.15,31.81
9,11,2018,84.57,31.81
9,11,2018,85.07,31.81
9,11,2018,85.58,31.81
9,11,2018,86.1,31.81
9,11,2018,86.67,31.81
9,11,2018,87.22,31.81
9,11,2018,87.65,31.81
9,11,2018,88.1,31.81
9,11,2018,88.53,31.81
9,11,2018,88.95,31.81
9,11,2018,89.43,31.81
9,11,2018,89.97,31.81
9,11,2018,90.57,31.81
9,11,2018,91.2,31.81
9,11,2018,91.9,31.81
9,11,2018,92.65,31.81
9,11,2018,93.43,31.81
9,11,2018,94.17,31.81
9,11,2018,94.8,31.81
9,11,2018,95.43,31.81
9,11,2018,96.05,31.81
9,11,2018,96.63,31.81
9,11,2018,97.17,31.81
9,11,2018,97.57,31.81
9,11,2018,97.9,31.81
9,11,2018,98.12,31.81
9,11,2018,98.32,31.81
9,11,2018,98.52,31.81
9,11,2018,98.75,31.81
9,11,2018,99,31.81
9,11,2018,99.33,31.81
9,11,2018,99.63,31.77
9,11,2018,99.98,31.77
9,11,2018,100.33,31.77
9,11,2018,100.68,31.77
9,11,2018,101.03,31.79
9,11,2018,101.37,31.79
9,11,2018,101.62,31.79
9,11,2018,101.92,31.79
9,11,2018,102.22,31.79
9,11,2018,102.5,31.79
9,11,2018,102.75,31.79
9,11,2018,102.88,31.79
9,11,2018,103.05,31.79
9,11,2018,103.08,31.79
9,11,2018,103.07,31.79
9,11,2018,103.07,31.79
9,11,2018,103.07,31.81
9,11,2018,103,31.81
9,11,2018,102.95,31.81
9,11,2018,102.87,31.81
9,11,2018,102.83,31.79
9,11,2018,102.82,31.79
9,11,2018,102.82,31.79
9,11,2018,102.83,31.79
9,11,2018,102.8,31.79
9,11,2018,102.8,31.79
9,11,2018,102.97,31.79
9,11,2018,103.12,31.79
9,11,2018,103.18,31.81
9,11,2018,103.27,31.81
9,11,2018,103.32,31.81
9,11,2018,103.27,31.81
9,11,2018,103.2,31.79
9,11,2018,103.07,31.79
9,11,2018,102.95,31.79
9,11,2018,102.73,31.79
9,11,2018,102.47,31.79
9,11,2018,102.25,31.79
9,11,2018,102.03,31.79
9,11,2018,101.78,31.79
9,11,2018,101.57,31.79
9,11,2018,101.3,31.79
9,11,2018,101.3,31.79
9,11,2018,101.27,31.79
9,11,2018,101.17,31.77
9,11,2018,101.02,31.77
9,11,2018,100.88,31.77
9,11,2018,100.78,31.77
9,11,2018,100.73,31.79
9,11,2018,100.72,31.79
9,11,2018,100.7,31.79
9,11,2018,100.85,31.79
9,11,2018,101.15,31.77
9,11,2018,101.47,31.77
9,11,2018,101.85,31.77
9,11,2018,102.12,31.77
9,11,2018,102.38,31.77
9,11,2018,102.65,31.77
9,11,2018,102.9,31.77
9,11,2018,103.02,31.77
9,11,2018,103.12,31.77
9,11,2018,103.17,31.77
9,11,2018,103.27,31.77
9,11,2018,103.38,31.77
9,11,2018,103.5,31.77
9,11,2018,103.65,31.77
9,11,2018,103.82,31.77
9,11,2018,103.92,31.77
9,11,2018,104.02,31.79
9,11,2018,104.22,31.79
9,11,2018,104.27,31.79
9,11,2018,104.47,31.79
9,11,2018,104.63,31.77
9,11,2018,104.93,31.77
9,11,2018,105.25,31.77
9,11,2018,105.58,31.77
9,11,2018,105.92,31.77
9,11,2018,106.28,31.77
9,11,2018,106.6,31.77
9,11,2018,106.93,31.77
9,11,2018,107.2,31.77
9,11,2018,107.52,31.77
9,11,2018,107.85,31.77
9,11,2018,108.03,31.77
9,11,2018,107.85,31.79
9,11,2018,107.62,31.79
9,11,2018,107.18,31.79
9,11,2018,106.73,31.79
9,11,2018,106.32,31.77
9,11,2018,105.88,31.77
9,11,2018,105.47,31.77
9,11,2018,105.1,31.77
9,11,2018,104.75,31.79
9,11,2018,104.42,31.79
9,11,2018,104.07,31.79
9,11,2018,103.8,31.79
9,11,2018,103.57,31.79
9,11,2018,103.4,31.79
9,11,2018,103.15,31.79
9,11,2018,102.93,31.79
9,11,2018,102.68,31.75
9,11,2018,102.47,31.75
9,11,2018,102,31.75
9,11,2018,101.58,31.75
9,11,2018,101.25,31.79
9,11,2018,100.97,31.79
9,11,2018,100.7,31.79
9,11,2018,100.42,31.79
9,11,2018,100.12,31.79
9,11,2018,99.77,31.79
9,11,2018,99.42,31.79
9,11,2018,98.88,31.79
9,11,2018,98.32,31.77
9,11,2018,97.73,31.77
9,11,2018,97.17,31.77
9,11,2018,96.58,31.77
9,11,2018,96.03,31.77
9,11,2018,95.48,31.77
9,11,2018,94.95,31.77
9,11,2018,94.42,31.77
9,11,2018,93.87,31.77
9,11,2018,93.32,31.77
9,11,2018,92.77,31.77
9,11,2018,92.22,31.77
9,11,2018,91.65,31.75
9,11,2018,91.02,31.75
9,11,2018,90.45,31.75
9,11,2018,89.87,31.75
9,11,2018,89.3,31.75
9,11,2018,88.55,31.75
9,11,2018,88,31.75
9,11,2018,87.42,31.75
9,11,2018,86.97,31.77
9,11,2018,86.5,31.77
9,11,2018,86.03,31.77
9,11,2018,85.53,31.77
9,11,2018,85.03,31.77
9,11,2018,84.53,31.77
9,11,2018,84.2,31.77
9,11,2018,83.95,31.77
9,11,2018,83.7,31.77
9,11,2018,83.42,31.77
9,11,2018,83.18,31.77
9,11,2018,82.98,31.77
9,11,2018,83.15,31.75
9,11,2018,83.37,31.75
9,11,2018,83.67,31.75
9,11,2018,84.02,31.75
9,11,2018,84.4,31.75
9,11,2018,84.77,31.75
9,11,2018,85.17,31.75
9,11,2018,85.55,31.75
9,11,2018,85.9,31.73
9,11,2018,86.25,31.73
9,11,2018,86.75,31.73
9,11,2018,87.23,31.73
9,11,2018,87.75,31.75
9,11,2018,88.2,31.75
9,11,2018,88.72,31.75
9,11,2018,89.18,31.75
9,11,2018,89.63,31.77
9,11,2018,90.03,31.77
9,11,2018,90.47,31.77
9,11,2018,90.87,31.77
9,11,2018,91.17,31.75
9,11,2018,91.4,31.75
9,11,2018,91.67,31.75
9,11,2018,91.95,31.75
9,11,2018,92.22,31.75
9,11,2018,92.48,31.75
9,11,2018,92.82,31.75
9,11,2018,93.15,31.75
9,11,2018,93.45,31.77
9,11,2018,93.82,31.77
9,11,2018,94.2,31.77
9,11,2018,94.57,31.77
9,11,2018,94.93,31.75
9,11,2018,95.32,31.75
9,11,2018,95.67,31.75
9,11,2018,96.05,31.75
9,11,2018,96.53,31.77
9,11,2018,96.97,31.77
9,11,2018,97.42,31.77
9,11,2018,97.87,31.77
9,11,2018,98.32,31.73
9,11,2018,98.85,31.73
9,11,2018,99.37,31.73
9,11,2018,99.93,31.73
9,11,2018,100.48,31.73
9,11,2018,101.12,31.73
9,11,2018,101.77,31.73
9,11,2018,102.43,31.73
9,11,2018,102.95,31.75
9,11,2018,103.47,31.75
9,11,2018,104,31.75
9,11,2018,104.38,31.75
9,11,2018,104.68,31.75
9,11,2018,104.98,31.75
9,11,2018,105.17,31.75
9,11,2018,105.32,31.75
9,11,2018,105.52,31.77
9,11,2018,105.7,31.77
9,11,2018,105.85,31.77
9,11,2018,106.05,31.77
9,11,2018,106.25,31.75
9,11,2018,106.42,31.75
9,11,2018,106.53,31.75
9,11,2018,106.63,31.75
9,11,2018,106.73,31.77
9,11,2018,106.83,31.77
9,11,2018,106.9,31.77
9,11,2018,106.97,31.77
9,11,2018,107.18,31.75
9,11,2018,107.57,31.75
9,11,2018,107.82,31.75
9,11,2018,108.08,31.75
9,11,2018,108.35,31.75
9,11,2018,108.6,31.75
9,11,2018,108.9,31.75
9,11,2018,109.23,31.75
9,11,2018,109.57,31.75
9,11,2018,109.92,31.75
9,11,2018,110.28,31.75
9,11,2018,110.57,31.75
9,11,2018,110.82,31.73
9,11,2018,111.15,31.73
9,11,2018,111.38,31.73
9,11,2018,111.62,31.73
9,11,2018,111.85,31.75
9,11,2018,111.97,31.75
9,11,2018,112.08,31.75
9,11,2018,112.22,31.75
9,11,2018,112.42,31.73
9,11,2018,112.57,31.73
9,11,2018,112.7,31.73
9,11,2018,112.87,31.73
9,11,2018,113,31.73
9,11,2018,113.12,31.73
9,11,2018,113.32,31.73
9,11,2018,113.52,31.73
9,11,2018,113.75,31.75
9,11,2018,113.78,31.75
9,11,2018,113.78,31.75
9,11,2018,113.77,31.75
9,11,2018,113.77,31.73
9,11,2018,113.7,31.73
9,11,2018,113.7,31.73
9,11,2018,113.65,31.73
9,11,2018,113.42,31.73
9,11,2018,113.23,31.73
9,11,2018,113.02,31.73
9,11,2018,112.8,31.73
9,11,2018,112.58,31.75
9,11,2018,112.37,31.75
9,11,2018,112.1,31.75
9,11,2018,112.03,31.75
9,11,2018,112.03,31.73
9,11,2018,112.02,31.73
9,11,2018,111.98,31.73
9,11,2018,111.98,31.73
9,11,2018,111.95,31.73
9,11,2018,111.97,31.73
9,11,2018,111.97,31.73
9,11,2018,111.97,31.73
9,11,2018,111.95,31.73
9,11,2018,111.93,31.73
9,11,2018,111.93,31.73
9,11,2018,111.85,31.73
9,11,2018,111.7,31.73
9,11,2018,111.57,31.73
9,11,2018,111.42,31.73
9,11,2018,111.27,31.73
9,11,2018,110.98,31.73
9,11,2018,110.45,31.73
9,11,2018,109.93,31.73
9,11,2018,109.47,31.73
9,11,2018,108.98,31.73
9,11,2018,108.53,31.73
9,11,2018,108.07,31.73
9,11,2018,107.62,31.73
9,11,2018,107.15,31.75
9,11,2018,106.75,31.75
9,11,2018,106.33,31.75
9,11,2018,106.02,31.75
9,11,2018,105.77,31.75
9,11,2018,105.48,31.75
9,11,2018,105.28,31.75
9,11,2018,105.1,31.75
9,11,2018,104.9,31.73
9,11,2018,104.82,31.73
9,11,2018,104.7,31.73
9,11,2018,104.58,31.73
9,11,2018,104.37,31.71
9,11,2018,104.13,31.71
9,11,2018,103.9,31.71
9,11,2018,103.68,31.71
9,11,2018,103.45,31.71
9,11,2018,103.2,31.71
9,11,2018,102.9,31.71
9,11,2018,102.58,31.71
9,11,2018,102.23,31.71
9,11,2018,102.13,31.71
9,11,2018,102.03,31.71
9,11,2018,101.9,31.71
9,11,2018,101.73,31.71
9,11,2018,101.65,31.71
9,11,2018,101.52,31.71
9,11,2018,101.43,31.71
9,11,2018,101.53,31.73
9,11,2018,101.58,31.73
9,11,2018,101.72,31.73
9,11,2018,101.82,31.73
9,11,2018,101.95,31.71
9,11,2018,102.08,31.71
9,11,2018,102.23,31.71
9,11,2018,102.42,31.71
9,11,2018,102.6,31.71
9,11,2018,102.78,31.71
9,11,2018,102.9,31.71
9,11,2018,102.93,31.71
9,11,2018,103,31.71
9,11,2018,103.03,31.71
9,11,2018,102.93,31.71
9,11,2018,102.87,31.71
9,11,2018,102.8,31.73
9,11,2018,102.75,31.73
9,11,2018,102.67,31.73
9,11,2018,102.63,31.73
9,11,2018,102.57,31.73
9,11,2018,102.47,31.73
9,11,2018,102.37,31.73
9,11,2018,102.3,31.73
9,11,2018,102.23,31.71
9,11,2018,102.27,31.71
9,11,2018,102.32,31.71
9,11,2018,102.27,31.71
9,11,2018,102.18,31.71
9,11,2018,102.08,31.71
9,11,2018,101.98,31.71
9,11,2018,101.85,31.71
9,11,2018,101.8,31.71
9,11,2018,101.63,31.71
9,11,2018,101.43,31.71
9,11,2018,101.25,31.71
9,11,2018,101.02,31.69
9,11,2018,100.7,31.69
9,11,2018,100.42,31.69
9,11,2018,100.12,31.69
9,11,2018,99.87,31.71
9,11,2018,99.65,31.71
9,11,2018,99.45,31.71
9,11,2018,99.23,31.71
9,11,2018,99.12,31.69
9,11,2018,98.98,31.69
9,11,2018,98.92,31.69
9,11,2018,98.75,31.69
9,11,2018,98.58,31.69
9,11,2018,98.45,31.69
9,11,2018,98.25,31.69
9,11,2018,98.03,31.69
9,11,2018,97.77,31.69
9,11,2018,97.45,31.69
9,11,2018,97.08,31.69
9,11,2018,96.72,31.69
9,11,2018,96.42,31.69
9,11,2018,96.1,31.69
9,11,2018,95.7,31.69
9,11,2018,95.27,31.69
9,11,2018,94.87,31.69
9,11,2018,94.35,31.69
9,11,2018,93.77,31.69
9,11,2018,93.18,31.69
9,11,2018,92.6,31.67
9,11,2018,92.02,31.67
9,11,2018,91.43,31.67
9,11,2018,90.75,31.67
9,11,2018,90.05,31.67
9,11,2018,89.52,31.67
9,11,2018,89.05,31.67
9,11,2018,88.58,31.67
9,11,2018,88.1,31.69
9,11,2018,87.62,31.69
9,11,2018,87.32,31.69
9,11,2018,86.95,31.69
9,11,2018,86.65,31.67
9,11,2018,86.37,31.67
9,11,2018,86.13,31.67
9,11,2018,85.92,31.67
9,11,2018,85.83,31.67
9,11,2018,85.73,31.67
9,11,2018,85.58,31.67
9,11,2018,85.38,31.67
9,11,2018,85.17,31.67
9,11,2018,84.92,31.67
9,11,2018,84.62,31.67
9,11,2018,84.33,31.67
9,11,2018,84.15,31.67
9,11,2018,83.92,31.67
9,11,2018,83.7,31.67
9,11,2018,83.5,31.67
9,11,2018,83.23,31.67
9,11,2018,83.03,31.67
9,11,2018,82.82,31.67
9,11,2018,82.6,31.67
9,11,2018,82.33,31.67
9,11,2018,82.13,31.67
9,11,2018,81.83,31.67
9,11,2018,81.55,31.67
9,11,2018,81.22,31.67
9,11,2018,80.87,31.67
9,11,2018,80.45,31.67
9,11,2018,80.03,31.67
9,11,2018,79.68,31.67
9,11,2018,79.38,31.67
9,11,2018,79,31.67
9,11,2018,78.72,31.67
9,11,2018,78.45,31.69
9,11,2018,78.17,31.69
9,11,2018,78.03,31.69
9,11,2018,77.93,31.69
9,11,2018,77.83,31.65
9,11,2018,77.85,31.65
9,11,2018,77.93,31.65
9,11,2018,78.08,31.65
9,11,2018,78.2,31.65
9,11,2018,78.32,31.65
9,11,2018,78.48,31.65
9,11,2018,78.67,31.65
9,11,2018,78.83,31.63
9,11,2018,79.13,31.63
9,11,2018,79.4,31.63
9,11,2018,79.7,31.63
9,11,2018,80.07,31.65
9,11,2018,80.47,31.65
9,11,2018,80.93,31.65
9,11,2018,81.42,31.65
9,11,2018,81.92,31.65
9,11,2018,82.13,31.65
9,11,2018,82.4,31.65
9,11,2018,82.7,31.65
9,11,2018,82.97,31.67
9,11,2018,83.17,31.67
9,11,2018,83.25,31.67
9,11,2018,83.37,31.67
9,11,2018,83.45,31.63
9,11,2018,83.48,31.63
9,11,2018,83.5,31.63
9,11,2018,83.52,31.63
9,11,2018,83.48,31.63
9,11,2018,83.48,31.63
9,11,2018,83.5,31.63
9,11,2018,83.45,31.63
9,11,2018,83.55,31.65
9,11,2018,83.65,31.65
9,11,2018,83.75,31.65
9,11,2018,83.85,31.65
9,11,2018,83.88,31.63
9,11,2018,83.95,31.63
9,11,2018,83.98,31.63
9,11,2018,84.02,31.63
9,11,2018,84.05,31.65
9,11,2018,84.03,31.65
9,11,2018,84.08,31.65
9,11,2018,84.12,31.65
9,11,2018,84.23,31.65
9,11,2018,84.37,31.65
9,11,2018,84.52,31.65
9,11,2018,84.63,31.65
9,11,2018,84.77,31.65
9,11,2018,84.92,31.65
9,11,2018,85.1,31.65
9,11,2018,85.28,31.65
9,11,2018,85.38,31.67
9,11,2018,85.4,31.67
9,11,2018,85.48,31.67
9,11,2018,85.6,31.67
9,11,2018,85.63,31.65
9,11,2018,85.75,31.65
9,11,2018,85.82,31.65
9,11,2018,85.87,31.65
9,11,2018,85.9,31.65
9,11,2018,85.88,31.65
9,11,2018,85.88,31.65
9,11,2018,85.9,31.65
9,11,2018,85.9,31.65
9,11,2018,85.78,31.65
9,11,2018,85.7,31.65
9,11,2018,85.62,31.65
9,11,2018,85.52,31.69
9,11,2018,85.37,31.69
9,11,2018,85.23,31.69
9,11,2018,85.05,31.69
9,11,2018,84.78,31.65
9,11,2018,84.5,31.65
9,11,2018,84.18,31.65
9,11,2018,83.85,31.65
9,11,2018,83.47,31.65
9,11,2018,83.18,31.65
9,11,2018,82.83,31.65
9,11,2018,82.48,31.65
9,11,2018,82.15,31.63
9,11,2018,81.92,31.63
9,11,2018,81.77,31.63
9,11,2018,81.55,31.63
9,11,2018,81.33,31.63
9,11,2018,81.17,31.63
9,11,2018,80.98,31.63
9,11,2018,80.83,31.63
9,11,2018,80.72,31.65
9,11,2018,80.62,31.65
9,11,2018,80.58,31.65
9,11,2018,80.68,31.65
9,11,2018,80.7,31.65
9,11,2018,80.7,31.65
9,11,2018,80.7,31.65
9,11,2018,80.7,31.65
9,11,2018,80.72,31.61
9,11,2018,80.75,31.61
9,11,2018,80.77,31.61
9,11,2018,80.8,31.61
9,11,2018,80.92,31.65
9,11,2018,81.08,31.65
9,11,2018,81.22,31.65
9,11,2018,81.33,31.65
9,11,2018,81.45,31.63
9,11,2018,81.57,31.63
9,11,2018,81.68,31.63
9,11,2018,81.8,31.63
9,11,2018,81.9,31.61
9,11,2018,81.97,31.61
9,11,2018,82,31.61
9,11,2018,82.05,31.61
9,11,2018,82.02,31.63
9,11,2018,82.07,31.63
9,11,2018,82.08,31.63
9,11,2018,82.07,31.63
9,11,2018,82.13,31.63
9,11,2018,82.17,31.63
9,11,2018,82.07,31.63
9,11,2018,81.98,31.63
9,11,2018,82,31.63
9,11,2018,82,31.63
9,11,2018,81.95,31.63
9,11,2018,81.83,31.63
9,11,2018,81.53,31.63
9,11,2018,81.38,31.63
9,11,2018,81.12,31.63
9,11,2018,80.87,31.63
9,11,2018,80.63,31.63
9,11,2018,80.43,31.63
9,11,2018,80.25,31.63
9,11,2018,80.1,31.63
9,11,2018,79.97,31.61
9,11,2018,79.9,31.61
9,11,2018,79.82,31.61
9,11,2018,79.72,31.61
9,11,2018,79.68,31.65
9,11,2018,79.68,31.65
9,11,2018,79.72,31.65
9,11,2018,79.72,31.65
9,11,2018,79.72,31.65
9,11,2018,79.67,31.65
9,11,2018,79.58,31.65
9,11,2018,79.53,31.65
9,11,2018,79.43,31.63
9,11,2018,79.35,31.63
9,11,2018,79.35,31.63
9,11,2018,79.32,31.63
9,11,2018,79.25,31.63
9,11,2018,79.18,31.63
9,11,2018,79.12,31.63
9,11,2018,79.08,31.63
9,11,2018,79,31.63
9,11,2018,78.98,31.63
9,11,2018,78.98,31.63
9,11,2018,79.02,31.63
9,11,2018,79.07,31.63
9,11,2018,79.15,31.63
9,11,2018,79.23,31.63
9,11,2018,79.27,31.63
9,11,2018,79.22,31.63
9,11,2018,79.1,31.63
9,11,2018,79,31.63
9,11,2018,78.88,31.63
9,11,2018,78.77,31.63
9,11,2018,78.63,31.63
9,11,2018,78.5,31.63
9,11,2018,78.35,31.63
9,11,2018,78.33,31.63
9,11,2018,78.35,31.63
9,11,2018,78.37,31.63
9,11,2018,78.38,31.63
9,11,2018,78.43,31.63
9,11,2018,78.45,31.63
9,11,2018,78.4,31.63
9,11,2018,78.35,31.63
9,11,2018,78.32,31.63
9,11,2018,78.23,31.63
9,11,2018,78.25,31.63
9,11,2018,78.28,31.63
9,11,2018,78.18,31.63
9,11,2018,78.08,31.63
9,11,2018,78.02,31.63
9,11,2018,77.92,31.63
9,11,2018,78.02,31.63
9,11,2018,78.08,31.63
9,11,2018,78.25,31.63
9,11,2018,78.45,31.63
9,11,2018,78.65,31.63
9,11,2018,78.8,31.63
9,11,2018,79.12,31.63
9,11,2018,79.43,31.63
9,11,2018,79.73,31.63
9,11,2018,79.98,31.63
9,11,2018,80.23,31.63
9,11,2018,80.53,31.63
9,11,2018,80.83,31.65
9,11,2018,81.12,31.65
9,11,2018,81.37,31.65
9,11,2018,81.62,31.65
9,11,2018,81.9,31.61
9,11,2018,82.2,31.61
9,11,2018,82.5,31.61
9,11,2018,82.85,31.61
9,11,2018,83.22,31.65
9,11,2018,83.55,31.65
9,11,2018,83.82,31.65
9,11,2018,84.07,31.65
9,11,2018,84.33,31.63
9,11,2018,84.57,31.63
9,11,2018,84.67,31.63
9,11,2018,84.72,31.63
9,11,2018,84.8,31.61
9,11,2018,84.93,31.61
9,11,2018,85,31.61
9,11,2018,85.1,31.61
9,11,2018,85.15,31.63
9,11,2018,85.07,31.63
9,11,2018,85,31.63
9,11,2018,84.95,31.63
9,11,2018,84.88,31.61
9,11,2018,84.83,31.61
9,11,2018,84.75,31.61
9,11,2018,84.58,31.61
9,11,2018,84.47,31.63
9,11,2018,84.37,31.63
9,11,2018,84.3,31.63
9,11,2018,84.27,31.63
9,11,2018,84.15,31.63
9,11,2018,84.05,31.63
9,11,2018,83.98,31.63
9,11,2018,83.93,31.63
9,11,2018,83.88,31.63
9,11,2018,83.83,31.63
9,11,2018,83.83,31.63
9,11,2018,83.85,31.63
9,11,2018,83.87,31.63
9,11,2018,83.9,31.63
9,11,2018,83.95,31.63
9,11,2018,84,31.63
9,11,2018,84.1,31.63
9,11,2018,84.18,31.63
9,11,2018,84.23,31.63
9,11,2018,84.32,31.63
9,11,2018,84.4,31.63
9,11,2018,84.47,31.63
9,11,2018,84.48,31.63
9,11,2018,84.48,31.63
9,11,2018,84.52,31.63
9,11,2018,84.65,31.63
9,11,2018,84.62,31.63
9,11,2018,84.6,31.63
9,11,2018,84.6,31.63
9,11,2018,84.6,31.63
9,11,2018,84.63,31.63
9,11,2018,84.68,31.63
9,11,2018,84.72,31.63
9,11,2018,84.78,31.63
9,11,2018,84.85,31.63
9,11,2018,84.93,31.63
9,11,2018,84.97,31.61
9,11,2018,85,31.61
9,11,2018,85.03,31.61
9,11,2018,85.03,31.61
9,11,2018,85.03,31.61
9,11,2018,85.07,31.61
9,11,2018,85.13,31.61
9,11,2018,85.22,31.61
9,11,2018,85.3,31.61
9,11,2018,85.47,31.61
9,11,2018,85.7,31.61
9,11,2018,85.93,31.61
9,11,2018,86.23,31.63
9,11,2018,86.42,31.63
9,11,2018,86.63,31.63
9,11,2018,86.78,31.63
9,11,2018,86.85,31.63
9,11,2018,87.02,31.63
9,11,2018,87.23,31.63
9,11,2018,87.42,31.63
9,11,2018,87.58,31.61
9,11,2018,87.77,31.61
9,11,2018,87.97,31.61
9,11,2018,88.27,31.61
9,11,2018,88.52,31.61
9,11,2018,88.77,31.61
9,11,2018,89.03,31.61
9,11,2018,89.28,31.61
9,11,2018,89.5,31.61
9,11,2018,89.75,31.61
9,11,2018,90.02,31.61
9,11,2018,90.27,31.61
9,11,2018,90.52,31.61
9,11,2018,90.77,31.61
9,11,2018,91,31.61
9,11,2018,91.25,31.61
9,11,2018,91.47,31.63
9,11,2018,91.67,31.63
9,11,2018,91.85,31.63
9,11,2018,92.02,31.63
9,11,2018,92.17,31.59
9,11,2018,92.42,31.59
9,11,2018,92.65,31.59
9,11,2018,92.92,31.59
9,11,2018,93.17,31.61
9,11,2018,93.42,31.61
9,11,2018,93.75,31.61
9,11,2018,94.05,31.61
9,11,2018,94.17,31.61
9,11,2018,94.23,31.61
9,11,2018,94.23,31.61
9,11,2018,94.2,31.61
9,11,2018,94.15,31.61
9,11,2018,94.12,31.61
9,11,2018,94.05,31.61
9,11,2018,93.98,31.61
9,11,2018,93.92,31.63
9,11,2018,93.82,31.63
9,11,2018,93.7,31.63
9,11,2018,93.58,31.63
9,11,2018,93.48,31.59
9,11,2018,93.37,31.59
9,11,2018,93.23,31.59
9,11,2018,93.12,31.59
9,11,2018,92.92,31.61
9,11,2018,92.68,31.61
9,11,2018,92.42,31.61
9,11,2018,92.15,31.61
9,11,2018,91.9,31.59
9,11,2018,91.62,31.59
9,11,2018,91.37,31.59
9,11,2018,91.1,31.59
9,11,2018,90.85,31.61
9,11,2018,90.63,31.61
9,11,2018,90.47,31.61
9,11,2018,90.33,31.61
9,11,2018,90.32,31.59
9,11,2018,90.27,31.59
9,11,2018,90.15,31.59
9,11,2018,90.07,31.59
9,11,2018,90,31.61
9,11,2018,89.92,31.61
9,11,2018,89.95,31.61
9,11,2018,90.02,31.61
9,11,2018,90.1,31.63
9,11,2018,90.22,31.63
9,11,2018,90.3,31.63
9,11,2018,90.42,31.63
9,11,2018,90.53,31.61
9,11,2018,90.6,31.61
9,11,2018,90.65,31.61
9,11,2018,90.7,31.61
9,11,2018,90.77,31.61
9,11,2018,90.83,31.61
9,11,2018,90.93,31.61
9,11,2018,91,31.61
9,11,2018,91.05,31.61
9,11,2018,91.03,31.61
9,11,2018,91.1,31.61
9,11,2018,91.15,31.61
9,11,2018,91.25,31.63
9,11,2018,91.27,31.63
9,11,2018,91.35,31.63
9,11,2018,91.45,31.63
9,11,2018,91.58,31.61
9,11,2018,91.72,31.61
9,11,2018,91.8,31.61
9,11,2018,91.9,31.61
9,11,2018,92.18,31.63
9,11,2018,92.43,31.63
9,11,2018,92.75,31.63
9,11,2018,93.05,31.63
9,11,2018,93.35,31.61
9,11,2018,93.67,31.61
9,11,2018,94,31.61
9,11,2018,94.28,31.61
9,11,2018,94.58,31.61
9,11,2018,94.9,31.61
9,11,2018,95.25,31.61
9,11,2018,95.58,31.61
9,11,2018,95.93,31.61
9,11,2018,96.25,31.61
9,11,2018,96.6,31.61
9,11,2018,96.98,31.61
9,11,2018,97.45,31.61
9,11,2018,97.93,31.61
9,11,2018,98.37,31.61
9,11,2018,98.82,31.61
9,11,2018,99.25,31.61
9,11,2018,99.65,31.61
9,11,2018,99.9,31.61
9,11,2018,100.2,31.61
9,11,2018,100.4,31.61
9,11,2018,100.6,31.61
9,11,2018,100.77,31.61
9,11,2018,100.97,31.61
9,11,2018,101.1,31.61
9,11,2018,101.28,31.61
9,11,2018,101.5,31.61
9,11,2018,101.73,31.61
9,11,2018,101.93,31.61
9,11,2018,102.1,31.61
9,11,2018,102.12,31.61
9,11,2018,102.1,31.61
9,11,2018,102.07,31.57
9,11,2018,102,31.57
9,11,2018,101.93,31.57
9,11,2018,101.87,31.57
9,11,2018,101.8,31.57
9,11,2018,101.72,31.57
9,11,2018,101.63,31.57
9,11,2018,101.52,31.57
9,11,2018,101.38,31.57
9,11,2018,101.17,31.57
9,11,2018,100.9,31.57
9,11,2018,100.65,31.57
9,11,2018,100.5,31.61
9,11,2018,100.37,31.61
9,11,2018,100.2,31.61
9,11,2018,100.05,31.61
9,11,2018,99.87,31.59
9,11,2018,99.68,31.59
9,11,2018,99.52,31.59
9,11,2018,99.32,31.59
9,11,2018,99.1,31.61
9,11,2018,98.87,31.61
9,11,2018,98.65,31.61
9,11,2018,98.38,31.61
9,11,2018,98.08,31.61
9,11,2018,97.77,31.61
9,11,2018,97.45,31.61
9,11,2018,97.13,31.61
9,11,2018,96.77,31.61
9,11,2018,96.35,31.61
9,11,2018,95.95,31.61
9,11,2018,95.58,31.61
9,11,2018,95.2,31.61
9,11,2018,94.75,31.61
9,11,2018,94.35,31.61
9,11,2018,93.95,31.61
9,11,2018,93.52,31.61
9,11,2018,93.1,31.61
9,11,2018,92.7,31.61
9,11,2018,92.27,31.61
9,11,2018,91.88,31.59
9,11,2018,91.5,31.59
9,11,2018,91.18,31.59
9,11,2018,90.83,31.59
9,11,2018,90.6,31.61
9,11,2018,90.35,31.61
9,11,2018,90.22,31.61
9,11,2018,90,31.61
9,11,2018,89.73,31.57
9,11,2018,89.37,31.57
9,11,2018,89.05,31.57
9,11,2018,88.68,31.57
9,11,2018,88.37,31.59
9,11,2018,88,31.59
9,11,2018,87.6,31.59
9,11,2018,87.18,31.59
9,11,2018,86.82,31.59
9,11,2018,86.48,31.59
9,11,2018,86.12,31.59
9,11,2018,85.83,31.59
9,11,2018,85.57,31.61
9,11,2018,85.28,31.61
9,11,2018,85,31.61
9,11,2018,84.7,31.61
9,11,2018,84.38,31.61
9,11,2018,84.05,31.61
9,11,2018,83.67,31.61
9,11,2018,83.33,31.61
9,11,2018,82.95,31.59
